Entity,Code,Year,Number_of_maternal_deaths
Afghanistan,AFG,2000,15000
Afghanistan,AFG,2001,15000
Afghanistan,AFG,2002,14000
Afghanistan,AFG,2003,14000
Afghanistan,AFG,2004,13000
Afghanistan,AFG,2005,13000
Afghanistan,AFG,2006,13000
Afghanistan,AFG,2007,13000
Afghanistan,AFG,2008,12000
Afghanistan,AFG,2009,12000
Afghanistan,AFG,2010,11000
Afghanistan,AFG,2011,11000
Afghanistan,AFG,2012,10000
Afghanistan,AFG,2013,9600
Afghanistan,AFG,2014,9300
Afghanistan,AFG,2015,8400
Afghanistan,AFG,2016,8100
Afghanistan,AFG,2017,7700
Albania,ALB,2000,12
Albania,ALB,2001,11
Albania,ALB,2002,10
Albania,ALB,2003,9
Albania,ALB,2004,7
Albania,ALB,2005,9
Albania,ALB,2006,7
Albania,ALB,2007,7
Albania,ALB,2008,7
Albania,ALB,2009,7
Albania,ALB,2010,7
Albania,ALB,2011,8
Albania,ALB,2012,6
Albania,ALB,2013,6
Albania,ALB,2014,6
Albania,ALB,2015,5
Albania,ALB,2016,5
Albania,ALB,2017,5
Algeria,DZA,2000,980
Algeria,DZA,2001,940
Algeria,DZA,2002,910
Algeria,DZA,2003,920
Algeria,DZA,2004,890
Algeria,DZA,2005,880
Algeria,DZA,2006,890
Algeria,DZA,2007,920
Algeria,DZA,2008,950
Algeria,DZA,2009,990
Algeria,DZA,2010,1000
Algeria,DZA,2011,1100
Algeria,DZA,2012,1100
Algeria,DZA,2013,1100
Algeria,DZA,2014,1100
Algeria,DZA,2015,1200
Algeria,DZA,2016,1200
Algeria,DZA,2017,1200
Angola,AGO,2000,6600
Angola,AGO,2001,6300
Angola,AGO,2002,5800
Angola,AGO,2003,5500
Angola,AGO,2004,5200
Angola,AGO,2005,4800
Angola,AGO,2006,4500
Angola,AGO,2007,4300
Angola,AGO,2008,4000
Angola,AGO,2009,3700
Angola,AGO,2010,3500
Angola,AGO,2011,3300
Angola,AGO,2012,3100
Angola,AGO,2013,3100
Angola,AGO,2014,3000
Angola,AGO,2015,3000
Angola,AGO,2016,3000
Angola,AGO,2017,3000
Antigua and Barbuda,ATG,2000,1
Antigua and Barbuda,ATG,2001,1
Antigua and Barbuda,ATG,2002,1
Antigua and Barbuda,ATG,2003,1
Antigua and Barbuda,ATG,2004,1
Antigua and Barbuda,ATG,2005,1
Antigua and Barbuda,ATG,2006,1
Antigua and Barbuda,ATG,2007,1
Antigua and Barbuda,ATG,2008,1
Antigua and Barbuda,ATG,2009,1
Antigua and Barbuda,ATG,2010,1
Antigua and Barbuda,ATG,2011,1
Antigua and Barbuda,ATG,2012,1
Antigua and Barbuda,ATG,2013,1
Antigua and Barbuda,ATG,2014,1
Antigua and Barbuda,ATG,2015,1
Antigua and Barbuda,ATG,2016,1
Antigua and Barbuda,ATG,2017,1
Argentina,ARG,2000,480
Argentina,ARG,2001,480
Argentina,ARG,2002,470
Argentina,ARG,2003,470
Argentina,ARG,2004,440
Argentina,ARG,2005,430
Argentina,ARG,2006,420
Argentina,ARG,2007,410
Argentina,ARG,2008,390
Argentina,ARG,2009,410
Argentina,ARG,2010,380
Argentina,ARG,2011,360
Argentina,ARG,2012,350
Argentina,ARG,2013,330
Argentina,ARG,2014,320
Argentina,ARG,2015,310
Argentina,ARG,2016,300
Argentina,ARG,2017,290
Armenia,ARM,2000,17
Armenia,ARM,2001,17
Armenia,ARM,2002,16
Armenia,ARM,2003,15
Armenia,ARM,2004,15
Armenia,ARM,2005,15
Armenia,ARM,2006,16
Armenia,ARM,2007,14
Armenia,ARM,2008,16
Armenia,ARM,2009,14
Armenia,ARM,2010,14
Armenia,ARM,2011,13
Armenia,ARM,2012,13
Armenia,ARM,2013,11
Armenia,ARM,2014,12
Armenia,ARM,2015,12
Armenia,ARM,2016,11
Armenia,ARM,2017,11
Australia,AUS,2000,17
Australia,AUS,2001,15
Australia,AUS,2002,14
Australia,AUS,2003,14
Australia,AUS,2004,14
Australia,AUS,2005,14
Australia,AUS,2006,14
Australia,AUS,2007,15
Australia,AUS,2008,15
Australia,AUS,2009,16
Australia,AUS,2010,16
Australia,AUS,2011,18
Australia,AUS,2012,18
Australia,AUS,2013,19
Australia,AUS,2014,20
Australia,AUS,2015,20
Australia,AUS,2016,21
Australia,AUS,2017,20
Austria,AUT,2000,5
Austria,AUT,2001,5
Austria,AUT,2002,5
Austria,AUT,2003,5
Austria,AUT,2004,4
Austria,AUT,2005,4
Austria,AUT,2006,4
Austria,AUT,2007,4
Austria,AUT,2008,4
Austria,AUT,2009,4
Austria,AUT,2010,4
Austria,AUT,2011,4
Austria,AUT,2012,4
Austria,AUT,2013,4
Austria,AUT,2014,4
Austria,AUT,2015,4
Austria,AUT,2016,4
Austria,AUT,2017,4
Azerbaijan,AZE,2000,66
Azerbaijan,AZE,2001,61
Azerbaijan,AZE,2002,58
Azerbaijan,AZE,2003,60
Azerbaijan,AZE,2004,53
Azerbaijan,AZE,2005,57
Azerbaijan,AZE,2006,50
Azerbaijan,AZE,2007,49
Azerbaijan,AZE,2008,49
Azerbaijan,AZE,2009,50
Azerbaijan,AZE,2010,51
Azerbaijan,AZE,2011,51
Azerbaijan,AZE,2012,51
Azerbaijan,AZE,2013,50
Azerbaijan,AZE,2014,49
Azerbaijan,AZE,2015,48
Azerbaijan,AZE,2016,46
Azerbaijan,AZE,2017,44
Bahamas,BHS,2000,4
Bahamas,BHS,2001,4
Bahamas,BHS,2002,4
Bahamas,BHS,2003,4
Bahamas,BHS,2004,4
Bahamas,BHS,2005,4
Bahamas,BHS,2006,4
Bahamas,BHS,2007,4
Bahamas,BHS,2008,4
Bahamas,BHS,2009,4
Bahamas,BHS,2010,4
Bahamas,BHS,2011,4
Bahamas,BHS,2012,4
Bahamas,BHS,2013,4
Bahamas,BHS,2014,4
Bahamas,BHS,2015,4
Bahamas,BHS,2016,4
Bahamas,BHS,2017,4
Bahrain,BHR,2000,4
Bahrain,BHR,2001,3
Bahrain,BHR,2002,4
Bahrain,BHR,2003,3
Bahrain,BHR,2004,3
Bahrain,BHR,2005,3
Bahrain,BHR,2006,4
Bahrain,BHR,2007,3
Bahrain,BHR,2008,3
Bahrain,BHR,2009,4
Bahrain,BHR,2010,4
Bahrain,BHR,2011,3
Bahrain,BHR,2012,4
Bahrain,BHR,2013,4
Bahrain,BHR,2014,3
Bahrain,BHR,2015,3
Bahrain,BHR,2016,3
Bahrain,BHR,2017,3
Bangladesh,BGD,2000,15000
Bangladesh,BGD,2001,15000
Bangladesh,BGD,2002,14000
Bangladesh,BGD,2003,14000
Bangladesh,BGD,2004,13000
Bangladesh,BGD,2005,11000
Bangladesh,BGD,2006,10000
Bangladesh,BGD,2007,9600
Bangladesh,BGD,2008,9000
Bangladesh,BGD,2009,8500
Bangladesh,BGD,2010,8100
Bangladesh,BGD,2011,7700
Bangladesh,BGD,2012,7300
Bangladesh,BGD,2013,6900
Bangladesh,BGD,2014,6500
Bangladesh,BGD,2015,6000
Bangladesh,BGD,2016,5500
Bangladesh,BGD,2017,5100
Barbados,BRB,2000,2
Barbados,BRB,2001,2
Barbados,BRB,2002,2
Barbados,BRB,2003,2
Barbados,BRB,2004,2
Barbados,BRB,2005,2
Barbados,BRB,2006,1
Barbados,BRB,2007,1
Barbados,BRB,2008,1
Barbados,BRB,2009,1
Barbados,BRB,2010,1
Barbados,BRB,2011,1
Barbados,BRB,2012,1
Barbados,BRB,2013,1
Barbados,BRB,2014,1
Barbados,BRB,2015,1
Barbados,BRB,2016,1
Barbados,BRB,2017,1
Belarus,BLR,2000,19
Belarus,BLR,2001,16
Belarus,BLR,2002,16
Belarus,BLR,2003,14
Belarus,BLR,2004,12
Belarus,BLR,2005,11
Belarus,BLR,2006,9
Belarus,BLR,2007,8
Belarus,BLR,2008,7
Belarus,BLR,2009,6
Belarus,BLR,2010,6
Belarus,BLR,2011,5
Belarus,BLR,2012,4
Belarus,BLR,2013,4
Belarus,BLR,2014,3
Belarus,BLR,2015,3
Belarus,BLR,2016,3
Belarus,BLR,2017,3
Belgium,BEL,2000,9
Belgium,BEL,2001,9
Belgium,BEL,2002,8
Belgium,BEL,2003,8
Belgium,BEL,2004,8
Belgium,BEL,2005,8
Belgium,BEL,2006,8
Belgium,BEL,2007,9
Belgium,BEL,2008,8
Belgium,BEL,2009,8
Belgium,BEL,2010,8
Belgium,BEL,2011,8
Belgium,BEL,2012,7
Belgium,BEL,2013,7
Belgium,BEL,2014,7
Belgium,BEL,2015,7
Belgium,BEL,2016,7
Belgium,BEL,2017,6
Belize,BLZ,2000,7
Belize,BLZ,2001,7
Belize,BLZ,2002,6
Belize,BLZ,2003,6
Belize,BLZ,2004,6
Belize,BLZ,2005,5
Belize,BLZ,2006,5
Belize,BLZ,2007,5
Belize,BLZ,2008,4
Belize,BLZ,2009,4
Belize,BLZ,2010,4
Belize,BLZ,2011,4
Belize,BLZ,2012,4
Belize,BLZ,2013,4
Belize,BLZ,2014,4
Belize,BLZ,2015,3
Belize,BLZ,2016,3
Belize,BLZ,2017,3
Benin,BEN,2000,1500
Benin,BEN,2001,1500
Benin,BEN,2002,1600
Benin,BEN,2003,1600
Benin,BEN,2004,1600
Benin,BEN,2005,1600
Benin,BEN,2006,1600
Benin,BEN,2007,1700
Benin,BEN,2008,1700
Benin,BEN,2009,1700
Benin,BEN,2010,1700
Benin,BEN,2011,1700
Benin,BEN,2012,1700
Benin,BEN,2013,1700
Benin,BEN,2014,1700
Benin,BEN,2015,1700
Benin,BEN,2016,1600
Benin,BEN,2017,1600
Bhutan,BTN,2000,68
Bhutan,BTN,2001,60
Bhutan,BTN,2002,56
Bhutan,BTN,2003,52
Bhutan,BTN,2004,49
Bhutan,BTN,2005,45
Bhutan,BTN,2006,42
Bhutan,BTN,2007,39
Bhutan,BTN,2008,36
Bhutan,BTN,2009,35
Bhutan,BTN,2010,33
Bhutan,BTN,2011,31
Bhutan,BTN,2012,30
Bhutan,BTN,2013,29
Bhutan,BTN,2014,28
Bhutan,BTN,2015,26
Bhutan,BTN,2016,25
Bhutan,BTN,2017,24
Bolivia,BOL,2000,850
Bolivia,BOL,2001,820
Bolivia,BOL,2002,790
Bolivia,BOL,2003,760
Bolivia,BOL,2004,720
Bolivia,BOL,2005,690
Bolivia,BOL,2006,660
Bolivia,BOL,2007,620
Bolivia,BOL,2008,590
Bolivia,BOL,2009,560
Bolivia,BOL,2010,530
Bolivia,BOL,2011,510
Bolivia,BOL,2012,480
Bolivia,BOL,2013,460
Bolivia,BOL,2014,440
Bolivia,BOL,2015,420
Bolivia,BOL,2016,400
Bolivia,BOL,2017,380
Bosnia and Herzegovina,BIH,2000,7
Bosnia and Herzegovina,BIH,2001,6
Bosnia and Herzegovina,BIH,2002,5
Bosnia and Herzegovina,BIH,2003,5
Bosnia and Herzegovina,BIH,2004,5
Bosnia and Herzegovina,BIH,2005,5
Bosnia and Herzegovina,BIH,2006,4
Bosnia and Herzegovina,BIH,2007,4
Bosnia and Herzegovina,BIH,2008,4
Bosnia and Herzegovina,BIH,2009,4
Bosnia and Herzegovina,BIH,2010,4
Bosnia and Herzegovina,BIH,2011,3
Bosnia and Herzegovina,BIH,2012,3
Bosnia and Herzegovina,BIH,2013,3
Bosnia and Herzegovina,BIH,2014,3
Bosnia and Herzegovina,BIH,2015,3
Bosnia and Herzegovina,BIH,2016,3
Bosnia and Herzegovina,BIH,2017,3
Botswana,BWA,2000,130
Botswana,BWA,2001,130
Botswana,BWA,2002,140
Botswana,BWA,2003,140
Botswana,BWA,2004,140
Botswana,BWA,2005,120
Botswana,BWA,2006,120
Botswana,BWA,2007,110
Botswana,BWA,2008,110
Botswana,BWA,2009,100
Botswana,BWA,2010,99
Botswana,BWA,2011,98
Botswana,BWA,2012,95
Botswana,BWA,2013,92
Botswana,BWA,2014,91
Botswana,BWA,2015,88
Botswana,BWA,2016,85
Botswana,BWA,2017,81
Brazil,BRA,2000,2400
Brazil,BRA,2001,2300
Brazil,BRA,2002,2300
Brazil,BRA,2003,2300
Brazil,BRA,2004,2300
Brazil,BRA,2005,2300
Brazil,BRA,2006,2300
Brazil,BRA,2007,2200
Brazil,BRA,2008,2100
Brazil,BRA,2009,2100
Brazil,BRA,2010,1900
Brazil,BRA,2011,1800
Brazil,BRA,2012,1800
Brazil,BRA,2013,1800
Brazil,BRA,2014,1800
Brazil,BRA,2015,1900
Brazil,BRA,2016,1800
Brazil,BRA,2017,1700
Brunei,BRN,2000,2
Brunei,BRN,2001,2
Brunei,BRN,2002,2
Brunei,BRN,2003,2
Brunei,BRN,2004,2
Brunei,BRN,2005,2
Brunei,BRN,2006,2
Brunei,BRN,2007,2
Brunei,BRN,2008,2
Brunei,BRN,2009,2
Brunei,BRN,2010,2
Brunei,BRN,2011,2
Brunei,BRN,2012,2
Brunei,BRN,2013,2
Brunei,BRN,2014,2
Brunei,BRN,2015,2
Brunei,BRN,2016,2
Brunei,BRN,2017,2
Bulgaria,BGR,2000,13
Bulgaria,BGR,2001,12
Bulgaria,BGR,2002,11
Bulgaria,BGR,2003,11
Bulgaria,BGR,2004,11
Bulgaria,BGR,2005,11
Bulgaria,BGR,2006,11
Bulgaria,BGR,2007,10
Bulgaria,BGR,2008,9
Bulgaria,BGR,2009,9
Bulgaria,BGR,2010,9
Bulgaria,BGR,2011,8
Bulgaria,BGR,2012,7
Bulgaria,BGR,2013,7
Bulgaria,BGR,2014,7
Bulgaria,BGR,2015,7
Bulgaria,BGR,2016,7
Bulgaria,BGR,2017,6
Burkina Faso,BFA,2000,2800
Burkina Faso,BFA,2001,2800
Burkina Faso,BFA,2002,2700
Burkina Faso,BFA,2003,2700
Burkina Faso,BFA,2004,2700
Burkina Faso,BFA,2005,2600
Burkina Faso,BFA,2006,2600
Burkina Faso,BFA,2007,2600
Burkina Faso,BFA,2008,2600
Burkina Faso,BFA,2009,2600
Burkina Faso,BFA,2010,2500
Burkina Faso,BFA,2011,2500
Burkina Faso,BFA,2012,2500
Burkina Faso,BFA,2013,2500
Burkina Faso,BFA,2014,2500
Burkina Faso,BFA,2015,2500
Burkina Faso,BFA,2016,2400
Burkina Faso,BFA,2017,2400
Burundi,BDI,2000,2800
Burundi,BDI,2001,2700
Burundi,BDI,2002,2700
Burundi,BDI,2003,2700
Burundi,BDI,2004,2600
Burundi,BDI,2005,2600
Burundi,BDI,2006,2600
Burundi,BDI,2007,2600
Burundi,BDI,2008,2600
Burundi,BDI,2009,2500
Burundi,BDI,2010,2500
Burundi,BDI,2011,2400
Burundi,BDI,2012,2400
Burundi,BDI,2013,2400
Burundi,BDI,2014,2400
Burundi,BDI,2015,2400
Burundi,BDI,2016,2400
Burundi,BDI,2017,2400
Cambodia,KHM,2000,1700
Cambodia,KHM,2001,1500
Cambodia,KHM,2002,1500
Cambodia,KHM,2003,1400
Cambodia,KHM,2004,1300
Cambodia,KHM,2005,1200
Cambodia,KHM,2006,1100
Cambodia,KHM,2007,1100
Cambodia,KHM,2008,1000
Cambodia,KHM,2009,960
Cambodia,KHM,2010,910
Cambodia,KHM,2011,850
Cambodia,KHM,2012,790
Cambodia,KHM,2013,740
Cambodia,KHM,2014,700
Cambodia,KHM,2015,650
Cambodia,KHM,2016,620
Cambodia,KHM,2017,590
Cameroon,CMR,2000,5700
Cameroon,CMR,2001,5600
Cameroon,CMR,2002,5400
Cameroon,CMR,2003,5300
Cameroon,CMR,2004,5200
Cameroon,CMR,2005,5000
Cameroon,CMR,2006,4900
Cameroon,CMR,2007,4800
Cameroon,CMR,2008,4800
Cameroon,CMR,2009,4800
Cameroon,CMR,2010,4800
Cameroon,CMR,2011,4800
Cameroon,CMR,2012,4800
Cameroon,CMR,2013,4800
Cameroon,CMR,2014,4800
Cameroon,CMR,2015,4800
Cameroon,CMR,2016,4700
Cameroon,CMR,2017,4700
Canada,CAN,2000,31
Canada,CAN,2001,32
Canada,CAN,2002,33
Canada,CAN,2003,35
Canada,CAN,2004,35
Canada,CAN,2005,39
Canada,CAN,2006,40
Canada,CAN,2007,41
Canada,CAN,2008,44
Canada,CAN,2009,44
Canada,CAN,2010,42
Canada,CAN,2011,43
Canada,CAN,2012,44
Canada,CAN,2013,42
Canada,CAN,2014,41
Canada,CAN,2015,41
Canada,CAN,2016,40
Canada,CAN,2017,40
Cape Verde,CPV,2000,14
Cape Verde,CPV,2001,13
Cape Verde,CPV,2002,12
Cape Verde,CPV,2003,11
Cape Verde,CPV,2004,10
Cape Verde,CPV,2005,10
Cape Verde,CPV,2006,9
Cape Verde,CPV,2007,9
Cape Verde,CPV,2008,8
Cape Verde,CPV,2009,8
Cape Verde,CPV,2010,8
Cape Verde,CPV,2011,7
Cape Verde,CPV,2012,7
Cape Verde,CPV,2013,7
Cape Verde,CPV,2014,7
Cape Verde,CPV,2015,7
Cape Verde,CPV,2016,6
Cape Verde,CPV,2017,6
Central African Republic,CAF,2000,1900
Central African Republic,CAF,2001,2000
Central African Republic,CAF,2002,2000
Central African Republic,CAF,2003,2000
Central African Republic,CAF,2004,2000
Central African Republic,CAF,2005,2000
Central African Republic,CAF,2006,1900
Central African Republic,CAF,2007,1900
Central African Republic,CAF,2008,1800
Central African Republic,CAF,2009,1800
Central African Republic,CAF,2010,1700
Central African Republic,CAF,2011,1700
Central African Republic,CAF,2012,1600
Central African Republic,CAF,2013,1700
Central African Republic,CAF,2014,1600
Central African Republic,CAF,2015,1500
Central African Republic,CAF,2016,1500
Central African Republic,CAF,2017,1400
Chad,TCD,2000,6100
Chad,TCD,2001,6300
Chad,TCD,2002,6400
Chad,TCD,2003,6500
Chad,TCD,2004,6500
Chad,TCD,2005,6600
Chad,TCD,2006,6900
Chad,TCD,2007,6800
Chad,TCD,2008,7000
Chad,TCD,2009,7000
Chad,TCD,2010,7000
Chad,TCD,2011,6900
Chad,TCD,2012,6900
Chad,TCD,2013,7000
Chad,TCD,2014,7100
Chad,TCD,2015,7100
Chad,TCD,2016,7200
Chad,TCD,2017,7300
Chile,CHL,2000,79
Chile,CHL,2001,79
Chile,CHL,2002,69
Chile,CHL,2003,66
Chile,CHL,2004,66
Chile,CHL,2005,60
Chile,CHL,2006,60
Chile,CHL,2007,57
Chile,CHL,2008,53
Chile,CHL,2009,52
Chile,CHL,2010,51
Chile,CHL,2011,44
Chile,CHL,2012,41
Chile,CHL,2013,39
Chile,CHL,2014,35
Chile,CHL,2015,34
Chile,CHL,2016,31
Chile,CHL,2017,29
China,CHN,2000,10000
China,CHN,2001,9500
China,CHN,2002,8800
China,CHN,2003,8300
China,CHN,2004,7800
China,CHN,2005,7500
China,CHN,2006,7200
China,CHN,2007,6900
China,CHN,2008,6900
China,CHN,2009,6500
China,CHN,2010,6200
China,CHN,2011,6000
China,CHN,2012,5700
China,CHN,2013,5600
China,CHN,2014,5400
China,CHN,2015,5200
China,CHN,2016,5000
China,CHN,2017,4900
Colombia,COL,2000,830
Colombia,COL,2001,810
Colombia,COL,2002,800
Colombia,COL,2003,750
Colombia,COL,2004,710
Colombia,COL,2005,680
Colombia,COL,2006,660
Colombia,COL,2007,660
Colombia,COL,2008,650
Colombia,COL,2009,660
Colombia,COL,2010,640
Colombia,COL,2011,630
Colombia,COL,2012,630
Colombia,COL,2013,630
Colombia,COL,2014,630
Colombia,COL,2015,630
Colombia,COL,2016,620
Colombia,COL,2017,610
Comoros,COM,2000,90
Comoros,COM,2001,91
Comoros,COM,2002,91
Comoros,COM,2003,91
Comoros,COM,2004,90
Comoros,COM,2005,90
Comoros,COM,2006,89
Comoros,COM,2007,88
Comoros,COM,2008,87
Comoros,COM,2009,85
Comoros,COM,2010,83
Comoros,COM,2011,81
Comoros,COM,2012,78
Comoros,COM,2013,77
Comoros,COM,2014,75
Comoros,COM,2015,74
Comoros,COM,2016,73
Comoros,COM,2017,72
Congo,COG,2000,890
Congo,COG,2001,940
Congo,COG,2002,990
Congo,COG,2003,1000
Congo,COG,2004,980
Congo,COG,2005,950
Congo,COG,2006,900
Congo,COG,2007,860
Congo,COG,2008,830
Congo,COG,2009,810
Congo,COG,2010,800
Congo,COG,2011,780
Congo,COG,2012,760
Congo,COG,2013,740
Congo,COG,2014,720
Congo,COG,2015,700
Congo,COG,2016,670
Congo,COG,2017,650
Costa Rica,CRI,2000,30
Costa Rica,CRI,2001,28
Costa Rica,CRI,2002,28
Costa Rica,CRI,2003,27
Costa Rica,CRI,2004,26
Costa Rica,CRI,2005,24
Costa Rica,CRI,2006,25
Costa Rica,CRI,2007,21
Costa Rica,CRI,2008,21
Costa Rica,CRI,2009,21
Costa Rica,CRI,2010,23
Costa Rica,CRI,2011,22
Costa Rica,CRI,2012,21
Costa Rica,CRI,2013,21
Costa Rica,CRI,2014,21
Costa Rica,CRI,2015,20
Costa Rica,CRI,2016,20
Costa Rica,CRI,2017,19
Cote d'Ivoire,CIV,2000,4700
Cote d'Ivoire,CIV,2001,4800
Cote d'Ivoire,CIV,2002,5000
Cote d'Ivoire,CIV,2003,5000
Cote d'Ivoire,CIV,2004,5000
Cote d'Ivoire,CIV,2005,5100
Cote d'Ivoire,CIV,2006,5100
Cote d'Ivoire,CIV,2007,5100
Cote d'Ivoire,CIV,2008,5200
Cote d'Ivoire,CIV,2009,5300
Cote d'Ivoire,CIV,2010,5400
Cote d'Ivoire,CIV,2011,5500
Cote d'Ivoire,CIV,2012,5600
Cote d'Ivoire,CIV,2013,5600
Cote d'Ivoire,CIV,2014,5600
Cote d'Ivoire,CIV,2015,5600
Cote d'Ivoire,CIV,2016,5500
Cote d'Ivoire,CIV,2017,5400
Croatia,HRV,2000,5
Croatia,HRV,2001,4
Croatia,HRV,2002,4
Croatia,HRV,2003,4
Croatia,HRV,2004,4
Croatia,HRV,2005,4
Croatia,HRV,2006,4
Croatia,HRV,2007,4
Croatia,HRV,2008,4
Croatia,HRV,2009,4
Croatia,HRV,2010,4
Croatia,HRV,2011,4
Croatia,HRV,2012,3
Croatia,HRV,2013,3
Croatia,HRV,2014,3
Croatia,HRV,2015,3
Croatia,HRV,2016,3
Croatia,HRV,2017,3
Cuba,CUB,2000,67
Cuba,CUB,2001,62
Cuba,CUB,2002,57
Cuba,CUB,2003,55
Cuba,CUB,2004,53
Cuba,CUB,2005,53
Cuba,CUB,2006,48
Cuba,CUB,2007,48
Cuba,CUB,2008,50
Cuba,CUB,2009,50
Cuba,CUB,2010,52
Cuba,CUB,2011,48
Cuba,CUB,2012,49
Cuba,CUB,2013,50
Cuba,CUB,2014,48
Cuba,CUB,2015,47
Cuba,CUB,2016,44
Cuba,CUB,2017,42
Cyprus,CYP,2000,2
Cyprus,CYP,2001,1
Cyprus,CYP,2002,1
Cyprus,CYP,2003,1
Cyprus,CYP,2004,1
Cyprus,CYP,2005,2
Cyprus,CYP,2006,1
Cyprus,CYP,2007,1
Cyprus,CYP,2008,1
Cyprus,CYP,2009,1
Cyprus,CYP,2010,1
Cyprus,CYP,2011,1
Cyprus,CYP,2012,1
Cyprus,CYP,2013,1
Cyprus,CYP,2014,1
Cyprus,CYP,2015,1
Cyprus,CYP,2016,1
Cyprus,CYP,2017,1
Czechia,CZE,2000,6
Czechia,CZE,2001,6
Czechia,CZE,2002,6
Czechia,CZE,2003,6
Czechia,CZE,2004,5
Czechia,CZE,2005,6
Czechia,CZE,2006,5
Czechia,CZE,2007,5
Czechia,CZE,2008,5
Czechia,CZE,2009,5
Czechia,CZE,2010,5
Czechia,CZE,2011,5
Czechia,CZE,2012,5
Czechia,CZE,2013,4
Czechia,CZE,2014,4
Czechia,CZE,2015,4
Czechia,CZE,2016,4
Czechia,CZE,2017,4
Democratic Republic of Congo,COD,2000,17000
Democratic Republic of Congo,COD,2001,17000
Democratic Republic of Congo,COD,2002,17000
Democratic Republic of Congo,COD,2003,17000
Democratic Republic of Congo,COD,2004,16000
Democratic Republic of Congo,COD,2005,16000
Democratic Republic of Congo,COD,2006,15000
Democratic Republic of Congo,COD,2007,15000
Democratic Republic of Congo,COD,2008,16000
Democratic Republic of Congo,COD,2009,16000
Democratic Republic of Congo,COD,2010,16000
Democratic Republic of Congo,COD,2011,16000
Democratic Republic of Congo,COD,2012,16000
Democratic Republic of Congo,COD,2013,16000
Democratic Republic of Congo,COD,2014,16000
Democratic Republic of Congo,COD,2015,16000
Democratic Republic of Congo,COD,2016,16000
Democratic Republic of Congo,COD,2017,16000
Denmark,DNK,2000,5
Denmark,DNK,2001,5
Denmark,DNK,2002,5
Denmark,DNK,2003,5
Denmark,DNK,2004,5
Denmark,DNK,2005,4
Denmark,DNK,2006,4
Denmark,DNK,2007,4
Denmark,DNK,2008,4
Denmark,DNK,2009,4
Denmark,DNK,2010,3
Denmark,DNK,2011,3
Denmark,DNK,2012,3
Denmark,DNK,2013,3
Denmark,DNK,2014,3
Denmark,DNK,2015,2
Denmark,DNK,2016,2
Denmark,DNK,2017,2
Djibouti,DJI,2000,110
Djibouti,DJI,2001,110
Djibouti,DJI,2002,110
Djibouti,DJI,2003,100
Djibouti,DJI,2004,95
Djibouti,DJI,2005,87
Djibouti,DJI,2006,79
Djibouti,DJI,2007,73
Djibouti,DJI,2008,69
Djibouti,DJI,2009,64
Djibouti,DJI,2010,60
Djibouti,DJI,2011,58
Djibouti,DJI,2012,55
Djibouti,DJI,2013,54
Djibouti,DJI,2014,54
Djibouti,DJI,2015,52
Djibouti,DJI,2016,51
Djibouti,DJI,2017,51
Dominican Republic,DOM,2000,170
Dominican Republic,DOM,2001,160
Dominican Republic,DOM,2002,160
Dominican Republic,DOM,2003,160
Dominican Republic,DOM,2004,170
Dominican Republic,DOM,2005,170
Dominican Republic,DOM,2006,180
Dominican Republic,DOM,2007,190
Dominican Republic,DOM,2008,190
Dominican Republic,DOM,2009,200
Dominican Republic,DOM,2010,200
Dominican Republic,DOM,2011,200
Dominican Republic,DOM,2012,200
Dominican Republic,DOM,2013,200
Dominican Republic,DOM,2014,200
Dominican Republic,DOM,2015,200
Dominican Republic,DOM,2016,200
Dominican Republic,DOM,2017,200
East Asia and Pacific,,2000,36000
East Asia and Pacific,,2001,35000
East Asia and Pacific,,2002,34000
East Asia and Pacific,,2003,33000
East Asia and Pacific,,2004,33000
East Asia and Pacific,,2005,31000
East Asia and Pacific,,2006,31000
East Asia and Pacific,,2007,30000
East Asia and Pacific,,2008,29000
East Asia and Pacific,,2009,28000
East Asia and Pacific,,2010,27000
East Asia and Pacific,,2011,27000
East Asia and Pacific,,2012,26000
East Asia and Pacific,,2013,25000
East Asia and Pacific,,2014,24000
East Asia and Pacific,,2015,23000
East Asia and Pacific,,2016,22000
East Asia and Pacific,,2017,21000
Ecuador,ECU,2000,390
Ecuador,ECU,2001,380
Ecuador,ECU,2002,350
Ecuador,ECU,2003,320
Ecuador,ECU,2004,300
Ecuador,ECU,2005,300
Ecuador,ECU,2006,290
Ecuador,ECU,2007,270
Ecuador,ECU,2008,260
Ecuador,ECU,2009,260
Ecuador,ECU,2010,250
Ecuador,ECU,2011,250
Ecuador,ECU,2012,230
Ecuador,ECU,2013,220
Ecuador,ECU,2014,220
Ecuador,ECU,2015,210
Ecuador,ECU,2016,200
Ecuador,ECU,2017,200
Egypt,EGY,2000,1100
Egypt,EGY,2001,1100
Egypt,EGY,2002,1100
Egypt,EGY,2003,1000
Egypt,EGY,2004,990
Egypt,EGY,2005,970
Egypt,EGY,2006,960
Egypt,EGY,2007,930
Egypt,EGY,2008,940
Egypt,EGY,2009,970
Egypt,EGY,2010,1000
Egypt,EGY,2011,990
Egypt,EGY,2012,1000
Egypt,EGY,2013,1000
Egypt,EGY,2014,990
Egypt,EGY,2015,1000
Egypt,EGY,2016,980
Egypt,EGY,2017,960
El Salvador,SLV,2000,110
El Salvador,SLV,2001,110
El Salvador,SLV,2002,93
El Salvador,SLV,2003,88
El Salvador,SLV,2004,84
El Salvador,SLV,2005,80
El Salvador,SLV,2006,76
El Salvador,SLV,2007,73
El Salvador,SLV,2008,71
El Salvador,SLV,2009,69
El Salvador,SLV,2010,66
El Salvador,SLV,2011,64
El Salvador,SLV,2012,62
El Salvador,SLV,2013,60
El Salvador,SLV,2014,59
El Salvador,SLV,2015,57
El Salvador,SLV,2016,56
El Salvador,SLV,2017,54
Equatorial Guinea,GNQ,2000,110
Equatorial Guinea,GNQ,2001,110
Equatorial Guinea,GNQ,2002,110
Equatorial Guinea,GNQ,2003,100
Equatorial Guinea,GNQ,2004,100
Equatorial Guinea,GNQ,2005,100
Equatorial Guinea,GNQ,2006,100
Equatorial Guinea,GNQ,2007,100
Equatorial Guinea,GNQ,2008,110
Equatorial Guinea,GNQ,2009,110
Equatorial Guinea,GNQ,2010,110
Equatorial Guinea,GNQ,2011,110
Equatorial Guinea,GNQ,2012,120
Equatorial Guinea,GNQ,2013,120
Equatorial Guinea,GNQ,2014,120
Equatorial Guinea,GNQ,2015,120
Equatorial Guinea,GNQ,2016,130
Equatorial Guinea,GNQ,2017,130
Eritrea,ERI,2000,990
Eritrea,ERI,2001,960
Eritrea,ERI,2002,970
Eritrea,ERI,2003,970
Eritrea,ERI,2004,910
Eritrea,ERI,2005,820
Eritrea,ERI,2006,750
Eritrea,ERI,2007,700
Eritrea,ERI,2008,680
Eritrea,ERI,2009,660
Eritrea,ERI,2010,650
Eritrea,ERI,2011,630
Eritrea,ERI,2012,610
Eritrea,ERI,2013,600
Eritrea,ERI,2014,580
Eritrea,ERI,2015,560
Eritrea,ERI,2016,530
Eritrea,ERI,2017,510
Estonia,EST,2000,4
Estonia,EST,2001,3
Estonia,EST,2002,3
Estonia,EST,2003,3
Estonia,EST,2004,3
Estonia,EST,2005,3
Estonia,EST,2006,2
Estonia,EST,2007,3
Estonia,EST,2008,2
Estonia,EST,2009,2
Estonia,EST,2010,2
Estonia,EST,2011,2
Estonia,EST,2012,2
Estonia,EST,2013,1
Estonia,EST,2014,2
Estonia,EST,2015,1
Estonia,EST,2016,1
Estonia,EST,2017,1
Eswatini,SWZ,2000,170
Eswatini,SWZ,2001,170
Eswatini,SWZ,2002,170
Eswatini,SWZ,2003,180
Eswatini,SWZ,2004,180
Eswatini,SWZ,2005,180
Eswatini,SWZ,2006,170
Eswatini,SWZ,2007,160
Eswatini,SWZ,2008,160
Eswatini,SWZ,2009,150
Eswatini,SWZ,2010,150
Eswatini,SWZ,2011,140
Eswatini,SWZ,2012,140
Eswatini,SWZ,2013,130
Eswatini,SWZ,2014,130
Eswatini,SWZ,2015,130
Eswatini,SWZ,2016,130
Eswatini,SWZ,2017,130
Ethiopia,ETH,2000,30000
Ethiopia,ETH,2001,29000
Ethiopia,ETH,2002,29000
Ethiopia,ETH,2003,29000
Ethiopia,ETH,2004,28000
Ethiopia,ETH,2005,26000
Ethiopia,ETH,2006,24000
Ethiopia,ETH,2007,22000
Ethiopia,ETH,2008,21000
Ethiopia,ETH,2009,20000
Ethiopia,ETH,2010,19000
Ethiopia,ETH,2011,18000
Ethiopia,ETH,2012,17000
Ethiopia,ETH,2013,16000
Ethiopia,ETH,2014,16000
Ethiopia,ETH,2015,15000
Ethiopia,ETH,2016,15000
Ethiopia,ETH,2017,14000
Europe and Central Asia,,2000,2800
Europe and Central Asia,,2001,2700
Europe and Central Asia,,2002,2600
Europe and Central Asia,,2003,2500
Europe and Central Asia,,2004,2400
Europe and Central Asia,,2005,2300
Europe and Central Asia,,2006,2200
Europe and Central Asia,,2007,2100
Europe and Central Asia,,2008,2000
Europe and Central Asia,,2009,2000
Europe and Central Asia,,2010,1900
Europe and Central Asia,,2011,1800
Europe and Central Asia,,2012,1700
Europe and Central Asia,,2013,1700
Europe and Central Asia,,2014,1600
Europe and Central Asia,,2015,1500
Europe and Central Asia,,2016,1500
Europe and Central Asia,,2017,1400
European Union,,2000,440
European Union,,2001,420
European Union,,2002,410
European Union,,2003,390
European Union,,2004,370
European Union,,2005,360
European Union,,2006,350
European Union,,2007,340
European Union,,2008,330
European Union,,2009,330
European Union,,2010,310
European Union,,2011,300
European Union,,2012,280
European Union,,2013,270
European Union,,2014,260
European Union,,2015,260
European Union,,2016,250
European Union,,2017,250
Fiji,FJI,2000,10
Fiji,FJI,2001,10
Fiji,FJI,2002,9
Fiji,FJI,2003,9
Fiji,FJI,2004,9
Fiji,FJI,2005,9
Fiji,FJI,2006,8
Fiji,FJI,2007,8
Fiji,FJI,2008,8
Fiji,FJI,2009,8
Fiji,FJI,2010,7
Fiji,FJI,2011,7
Fiji,FJI,2012,7
Fiji,FJI,2013,7
Fiji,FJI,2014,7
Fiji,FJI,2015,7
Fiji,FJI,2016,7
Fiji,FJI,2017,6
Finland,FIN,2000,3
Finland,FIN,2001,3
Finland,FIN,2002,3
Finland,FIN,2003,3
Finland,FIN,2004,3
Finland,FIN,2005,3
Finland,FIN,2006,3
Finland,FIN,2007,3
Finland,FIN,2008,3
Finland,FIN,2009,3
Finland,FIN,2010,3
Finland,FIN,2011,2
Finland,FIN,2012,2
Finland,FIN,2013,2
Finland,FIN,2014,2
Finland,FIN,2015,2
Finland,FIN,2016,2
Finland,FIN,2017,2
France,FRA,2000,73
France,FRA,2001,73
France,FRA,2002,73
France,FRA,2003,73
France,FRA,2004,71
France,FRA,2005,72
France,FRA,2006,72
France,FRA,2007,72
France,FRA,2008,75
France,FRA,2009,76
France,FRA,2010,74
France,FRA,2011,73
France,FRA,2012,70
France,FRA,2013,67
France,FRA,2014,65
France,FRA,2015,62
France,FRA,2016,60
France,FRA,2017,56
Gabon,GAB,2000,160
Gabon,GAB,2001,150
Gabon,GAB,2002,150
Gabon,GAB,2003,150
Gabon,GAB,2004,160
Gabon,GAB,2005,160
Gabon,GAB,2006,160
Gabon,GAB,2007,160
Gabon,GAB,2008,170
Gabon,GAB,2009,170
Gabon,GAB,2010,170
Gabon,GAB,2011,170
Gabon,GAB,2012,170
Gabon,GAB,2013,170
Gabon,GAB,2014,170
Gabon,GAB,2015,170
Gabon,GAB,2016,170
Gabon,GAB,2017,170
Gambia,GMB,2000,530
Gambia,GMB,2001,520
Gambia,GMB,2002,520
Gambia,GMB,2003,510
Gambia,GMB,2004,500
Gambia,GMB,2005,490
Gambia,GMB,2006,470
Gambia,GMB,2007,470
Gambia,GMB,2008,470
Gambia,GMB,2009,480
Gambia,GMB,2010,490
Gambia,GMB,2011,500
Gambia,GMB,2012,500
Gambia,GMB,2013,510
Gambia,GMB,2014,520
Gambia,GMB,2015,520
Gambia,GMB,2016,520
Gambia,GMB,2017,520
Georgia,GEO,2000,17
Georgia,GEO,2001,17
Georgia,GEO,2002,22
Georgia,GEO,2003,19
Georgia,GEO,2004,19
Georgia,GEO,2005,20
Georgia,GEO,2006,17
Georgia,GEO,2007,20
Georgia,GEO,2008,22
Georgia,GEO,2009,24
Georgia,GEO,2010,18
Georgia,GEO,2011,18
Georgia,GEO,2012,17
Georgia,GEO,2013,17
Georgia,GEO,2014,17
Georgia,GEO,2015,16
Georgia,GEO,2016,15
Georgia,GEO,2017,14
Germany,DEU,2000,53
Germany,DEU,2001,50
Germany,DEU,2002,49
Germany,DEU,2003,46
Germany,DEU,2004,43
Germany,DEU,2005,42
Germany,DEU,2006,40
Germany,DEU,2007,39
Germany,DEU,2008,39
Germany,DEU,2009,39
Germany,DEU,2010,38
Germany,DEU,2011,38
Germany,DEU,2012,37
Germany,DEU,2013,37
Germany,DEU,2014,36
Germany,DEU,2015,38
Germany,DEU,2016,37
Germany,DEU,2017,53
Ghana,GHA,2000,3300
Ghana,GHA,2001,3100
Ghana,GHA,2002,2900
Ghana,GHA,2003,2800
Ghana,GHA,2004,2800
Ghana,GHA,2005,2700
Ghana,GHA,2006,2700
Ghana,GHA,2007,2700
Ghana,GHA,2008,2700
Ghana,GHA,2009,2700
Ghana,GHA,2010,2700
Ghana,GHA,2011,2800
Ghana,GHA,2012,2800
Ghana,GHA,2013,2800
Ghana,GHA,2014,2800
Ghana,GHA,2015,2700
Ghana,GHA,2016,2700
Ghana,GHA,2017,2700
Greece,GRC,2000,4
Greece,GRC,2001,3
Greece,GRC,2002,3
Greece,GRC,2003,3
Greece,GRC,2004,3
Greece,GRC,2005,3
Greece,GRC,2006,3
Greece,GRC,2007,3
Greece,GRC,2008,3
Greece,GRC,2009,3
Greece,GRC,2010,3
Greece,GRC,2011,3
Greece,GRC,2012,3
Greece,GRC,2013,3
Greece,GRC,2014,3
Greece,GRC,2015,3
Greece,GRC,2016,3
Greece,GRC,2017,2
Grenada,GRD,2000,1
Grenada,GRD,2001,1
Grenada,GRD,2002,1
Grenada,GRD,2003,1
Grenada,GRD,2004,1
Grenada,GRD,2005,1
Grenada,GRD,2006,1
Grenada,GRD,2007,1
Grenada,GRD,2008,1
Grenada,GRD,2009,1
Grenada,GRD,2010,1
Grenada,GRD,2011,1
Grenada,GRD,2012,1
Grenada,GRD,2013,0
Grenada,GRD,2014,0
Grenada,GRD,2015,0
Grenada,GRD,2016,0
Grenada,GRD,2017,0
Guatemala,GTM,2000,660
Guatemala,GTM,2001,610
Guatemala,GTM,2002,600
Guatemala,GTM,2003,570
Guatemala,GTM,2004,570
Guatemala,GTM,2005,580
Guatemala,GTM,2006,560
Guatemala,GTM,2007,540
Guatemala,GTM,2008,510
Guatemala,GTM,2009,530
Guatemala,GTM,2010,520
Guatemala,GTM,2011,500
Guatemala,GTM,2012,480
Guatemala,GTM,2013,460
Guatemala,GTM,2014,440
Guatemala,GTM,2015,430
Guatemala,GTM,2016,410
Guatemala,GTM,2017,400
Guinea,GIN,2000,3700
Guinea,GIN,2001,3900
Guinea,GIN,2002,4100
Guinea,GIN,2003,4100
Guinea,GIN,2004,3900
Guinea,GIN,2005,3500
Guinea,GIN,2006,3200
Guinea,GIN,2007,3000
Guinea,GIN,2008,3000
Guinea,GIN,2009,3000
Guinea,GIN,2010,3000
Guinea,GIN,2011,3100
Guinea,GIN,2012,3100
Guinea,GIN,2013,3100
Guinea,GIN,2014,3300
Guinea,GIN,2015,3000
Guinea,GIN,2016,2700
Guinea,GIN,2017,2600
Guinea-Bissau,GNB,2000,610
Guinea-Bissau,GNB,2001,600
Guinea-Bissau,GNB,2002,600
Guinea-Bissau,GNB,2003,590
Guinea-Bissau,GNB,2004,570
Guinea-Bissau,GNB,2005,540
Guinea-Bissau,GNB,2006,510
Guinea-Bissau,GNB,2007,490
Guinea-Bissau,GNB,2008,480
Guinea-Bissau,GNB,2009,470
Guinea-Bissau,GNB,2010,470
Guinea-Bissau,GNB,2011,460
Guinea-Bissau,GNB,2012,460
Guinea-Bissau,GNB,2013,450
Guinea-Bissau,GNB,2014,450
Guinea-Bissau,GNB,2015,440
Guinea-Bissau,GNB,2016,440
Guinea-Bissau,GNB,2017,440
Guyana,GUY,2000,44
Guyana,GUY,2001,41
Guyana,GUY,2002,41
Guyana,GUY,2003,40
Guyana,GUY,2004,38
Guyana,GUY,2005,38
Guyana,GUY,2006,37
Guyana,GUY,2007,34
Guyana,GUY,2008,31
Guyana,GUY,2009,30
Guyana,GUY,2010,28
Guyana,GUY,2011,29
Guyana,GUY,2012,29
Guyana,GUY,2013,28
Guyana,GUY,2014,28
Guyana,GUY,2015,27
Guyana,GUY,2016,27
Guyana,GUY,2017,26
Haiti,HTI,2000,1200
Haiti,HTI,2001,1200
Haiti,HTI,2002,1200
Haiti,HTI,2003,1200
Haiti,HTI,2004,1400
Haiti,HTI,2005,1300
Haiti,HTI,2006,1300
Haiti,HTI,2007,1300
Haiti,HTI,2008,1300
Haiti,HTI,2009,1300
Haiti,HTI,2010,1400
Haiti,HTI,2011,1400
Haiti,HTI,2012,1400
Haiti,HTI,2013,1400
Haiti,HTI,2014,1300
Haiti,HTI,2015,1300
Haiti,HTI,2016,1300
Haiti,HTI,2017,1300
High income,,2000,1400
High income,,2001,1400
High income,,2002,1400
High income,,2003,1400
High income,,2004,1400
High income,,2005,1400
High income,,2006,1400
High income,,2007,1400
High income,,2008,1400
High income,,2009,1400
High income,,2010,1400
High income,,2011,1400
High income,,2012,1300
High income,,2013,1300
High income,,2014,1300
High income,,2015,1300
High income,,2016,1400
High income,,2017,1300
Honduras,HND,2000,190
Honduras,HND,2001,180
Honduras,HND,2002,180
Honduras,HND,2003,170
Honduras,HND,2004,170
Honduras,HND,2005,170
Honduras,HND,2006,170
Honduras,HND,2007,160
Honduras,HND,2008,160
Honduras,HND,2009,160
Honduras,HND,2010,150
Honduras,HND,2011,150
Honduras,HND,2012,140
Honduras,HND,2013,140
Honduras,HND,2014,140
Honduras,HND,2015,140
Honduras,HND,2016,130
Honduras,HND,2017,130
Hungary,HUN,2000,16
Hungary,HUN,2001,15
Hungary,HUN,2002,15
Hungary,HUN,2003,14
Hungary,HUN,2004,14
Hungary,HUN,2005,14
Hungary,HUN,2006,13
Hungary,HUN,2007,14
Hungary,HUN,2008,13
Hungary,HUN,2009,12
Hungary,HUN,2010,12
Hungary,HUN,2011,12
Hungary,HUN,2012,11
Hungary,HUN,2013,11
Hungary,HUN,2014,11
Hungary,HUN,2015,11
Hungary,HUN,2016,11
Hungary,HUN,2017,11
Iceland,ISL,2000,0
Iceland,ISL,2001,0
Iceland,ISL,2002,0
Iceland,ISL,2003,0
Iceland,ISL,2004,0
Iceland,ISL,2005,0
Iceland,ISL,2006,0
Iceland,ISL,2007,0
Iceland,ISL,2008,0
Iceland,ISL,2009,0
Iceland,ISL,2010,0
Iceland,ISL,2011,0
Iceland,ISL,2012,0
Iceland,ISL,2013,0
Iceland,ISL,2014,0
Iceland,ISL,2015,0
Iceland,ISL,2016,0
Iceland,ISL,2017,0
India,IND,2000,103000
India,IND,2001,99000
India,IND,2002,94000
India,IND,2003,89000
India,IND,2004,84000
India,IND,2005,79000
India,IND,2006,74000
India,IND,2007,69000
India,IND,2008,64000
India,IND,2009,60000
India,IND,2010,55000
India,IND,2011,50000
India,IND,2012,47000
India,IND,2013,44000
India,IND,2014,41000
India,IND,2015,38000
India,IND,2016,37000
India,IND,2017,35000
Indonesia,IDN,2000,13000
Indonesia,IDN,2001,13000
Indonesia,IDN,2002,13000
Indonesia,IDN,2003,13000
Indonesia,IDN,2004,13000
Indonesia,IDN,2005,12000
Indonesia,IDN,2006,12000
Indonesia,IDN,2007,12000
Indonesia,IDN,2008,12000
Indonesia,IDN,2009,12000
Indonesia,IDN,2010,12000
Indonesia,IDN,2011,11000
Indonesia,IDN,2012,11000
Indonesia,IDN,2013,10000
Indonesia,IDN,2014,9900
Indonesia,IDN,2015,9500
Indonesia,IDN,2016,9000
Indonesia,IDN,2017,8600
Iran,IRN,2000,560
Iran,IRN,2001,510
Iran,IRN,2002,480
Iran,IRN,2003,460
Iran,IRN,2004,430
Iran,IRN,2005,410
Iran,IRN,2006,400
Iran,IRN,2007,380
Iran,IRN,2008,360
Iran,IRN,2009,330
Iran,IRN,2010,290
Iran,IRN,2011,260
Iran,IRN,2012,250
Iran,IRN,2013,250
Iran,IRN,2014,250
Iran,IRN,2015,250
Iran,IRN,2016,250
Iran,IRN,2017,250
Iraq,IRQ,2000,670
Iraq,IRQ,2001,650
Iraq,IRQ,2002,640
Iraq,IRQ,2003,1200
Iraq,IRQ,2004,1100
Iraq,IRQ,2005,1200
Iraq,IRQ,2006,1500
Iraq,IRQ,2007,1300
Iraq,IRQ,2008,860
Iraq,IRQ,2009,740
Iraq,IRQ,2010,710
Iraq,IRQ,2011,700
Iraq,IRQ,2012,700
Iraq,IRQ,2013,800
Iraq,IRQ,2014,1000
Iraq,IRQ,2015,910
Iraq,IRQ,2016,860
Iraq,IRQ,2017,870
Ireland,IRL,2000,4
Ireland,IRL,2001,4
Ireland,IRL,2002,4
Ireland,IRL,2003,3
Ireland,IRL,2004,4
Ireland,IRL,2005,4
Ireland,IRL,2006,4
Ireland,IRL,2007,4
Ireland,IRL,2008,5
Ireland,IRL,2009,5
Ireland,IRL,2010,4
Ireland,IRL,2011,5
Ireland,IRL,2012,5
Ireland,IRL,2013,4
Ireland,IRL,2014,4
Ireland,IRL,2015,4
Ireland,IRL,2016,4
Ireland,IRL,2017,3
Israel,ISR,2000,9
Israel,ISR,2001,9
Israel,ISR,2002,9
Israel,ISR,2003,8
Israel,ISR,2004,8
Israel,ISR,2005,8
Israel,ISR,2006,7
Israel,ISR,2007,7
Israel,ISR,2008,6
Israel,ISR,2009,6
Israel,ISR,2010,6
Israel,ISR,2011,6
Israel,ISR,2012,6
Israel,ISR,2013,6
Israel,ISR,2014,6
Israel,ISR,2015,6
Israel,ISR,2016,6
Israel,ISR,2017,5
Italy,ITA,2000,19
Italy,ITA,2001,18
Italy,ITA,2002,17
Italy,ITA,2003,17
Italy,ITA,2004,16
Italy,ITA,2005,15
Italy,ITA,2006,14
Italy,ITA,2007,14
Italy,ITA,2008,13
Italy,ITA,2009,13
Italy,ITA,2010,12
Italy,ITA,2011,11
Italy,ITA,2012,11
Italy,ITA,2013,10
Italy,ITA,2014,9
Italy,ITA,2015,9
Italy,ITA,2016,8
Italy,ITA,2017,7
Jamaica,JAM,2000,44
Jamaica,JAM,2001,44
Jamaica,JAM,2002,43
Jamaica,JAM,2003,42
Jamaica,JAM,2004,42
Jamaica,JAM,2005,42
Jamaica,JAM,2006,41
Jamaica,JAM,2007,41
Jamaica,JAM,2008,40
Jamaica,JAM,2009,40
Jamaica,JAM,2010,39
Jamaica,JAM,2011,39
Jamaica,JAM,2012,39
Jamaica,JAM,2013,38
Jamaica,JAM,2014,38
Jamaica,JAM,2015,38
Jamaica,JAM,2016,38
Jamaica,JAM,2017,38
Japan,JPN,2000,100
Japan,JPN,2001,95
Japan,JPN,2002,88
Japan,JPN,2003,85
Japan,JPN,2004,82
Japan,JPN,2005,80
Japan,JPN,2006,75
Japan,JPN,2007,72
Japan,JPN,2008,70
Japan,JPN,2009,68
Japan,JPN,2010,65
Japan,JPN,2011,66
Japan,JPN,2012,58
Japan,JPN,2013,55
Japan,JPN,2014,52
Japan,JPN,2015,50
Japan,JPN,2016,46
Japan,JPN,2017,44
Jordan,JOR,2000,110
Jordan,JOR,2001,110
Jordan,JOR,2002,110
Jordan,JOR,2003,110
Jordan,JOR,2004,110
Jordan,JOR,2005,110
Jordan,JOR,2006,110
Jordan,JOR,2007,110
Jordan,JOR,2008,110
Jordan,JOR,2009,110
Jordan,JOR,2010,110
Jordan,JOR,2011,110
Jordan,JOR,2012,110
Jordan,JOR,2013,110
Jordan,JOR,2014,110
Jordan,JOR,2015,110
Jordan,JOR,2016,100
Jordan,JOR,2017,100
Kazakhstan,KAZ,2000,140
Kazakhstan,KAZ,2001,140
Kazakhstan,KAZ,2002,130
Kazakhstan,KAZ,2003,130
Kazakhstan,KAZ,2004,130
Kazakhstan,KAZ,2005,130
Kazakhstan,KAZ,2006,130
Kazakhstan,KAZ,2007,120
Kazakhstan,KAZ,2008,100
Kazakhstan,KAZ,2009,87
Kazakhstan,KAZ,2010,80
Kazakhstan,KAZ,2011,70
Kazakhstan,KAZ,2012,64
Kazakhstan,KAZ,2013,56
Kazakhstan,KAZ,2014,49
Kazakhstan,KAZ,2015,45
Kazakhstan,KAZ,2016,41
Kazakhstan,KAZ,2017,37
Kenya,KEN,2000,9100
Kenya,KEN,2001,9200
Kenya,KEN,2002,9200
Kenya,KEN,2003,9200
Kenya,KEN,2004,9100
Kenya,KEN,2005,8700
Kenya,KEN,2006,8300
Kenya,KEN,2007,7900
Kenya,KEN,2008,7500
Kenya,KEN,2009,6900
Kenya,KEN,2010,6400
Kenya,KEN,2011,5900
Kenya,KEN,2012,5500
Kenya,KEN,2013,5400
Kenya,KEN,2014,5300
Kenya,KEN,2015,5200
Kenya,KEN,2016,5100
Kenya,KEN,2017,5000
Kiribati,KIR,2000,4
Kiribati,KIR,2001,3
Kiribati,KIR,2002,3
Kiribati,KIR,2003,3
Kiribati,KIR,2004,3
Kiribati,KIR,2005,3
Kiribati,KIR,2006,3
Kiribati,KIR,2007,3
Kiribati,KIR,2008,3
Kiribati,KIR,2009,3
Kiribati,KIR,2010,3
Kiribati,KIR,2011,3
Kiribati,KIR,2012,3
Kiribati,KIR,2013,3
Kiribati,KIR,2014,3
Kiribati,KIR,2015,3
Kiribati,KIR,2016,3
Kiribati,KIR,2017,3
Kuwait,KWT,2000,5
Kuwait,KWT,2001,5
Kuwait,KWT,2002,5
Kuwait,KWT,2003,5
Kuwait,KWT,2004,5
Kuwait,KWT,2005,5
Kuwait,KWT,2006,5
Kuwait,KWT,2007,5
Kuwait,KWT,2008,6
Kuwait,KWT,2009,6
Kuwait,KWT,2010,6
Kuwait,KWT,2011,6
Kuwait,KWT,2012,6
Kuwait,KWT,2013,7
Kuwait,KWT,2014,7
Kuwait,KWT,2015,7
Kuwait,KWT,2016,7
Kuwait,KWT,2017,7
Kyrgyzstan,KGZ,2000,83
Kyrgyzstan,KGZ,2001,79
Kyrgyzstan,KGZ,2002,86
Kyrgyzstan,KGZ,2003,85
Kyrgyzstan,KGZ,2004,85
Kyrgyzstan,KGZ,2005,91
Kyrgyzstan,KGZ,2006,99
Kyrgyzstan,KGZ,2007,100
Kyrgyzstan,KGZ,2008,110
Kyrgyzstan,KGZ,2009,110
Kyrgyzstan,KGZ,2010,110
Kyrgyzstan,KGZ,2011,120
Kyrgyzstan,KGZ,2012,120
Kyrgyzstan,KGZ,2013,110
Kyrgyzstan,KGZ,2014,110
Kyrgyzstan,KGZ,2015,110
Kyrgyzstan,KGZ,2016,100
Kyrgyzstan,KGZ,2017,95
Laos,LAO,2000,930
Laos,LAO,2001,870
Laos,LAO,2002,820
Laos,LAO,2003,770
Laos,LAO,2004,730
Laos,LAO,2005,680
Laos,LAO,2006,640
Laos,LAO,2007,600
Laos,LAO,2008,570
Laos,LAO,2009,530
Laos,LAO,2010,490
Laos,LAO,2011,460
Laos,LAO,2012,420
Laos,LAO,2013,400
Laos,LAO,2014,370
Laos,LAO,2015,350
Laos,LAO,2016,330
Laos,LAO,2017,310
Latin America and Caribbean,,2000,11000
Latin America and Caribbean,,2001,11000
Latin America and Caribbean,,2002,11000
Latin America and Caribbean,,2003,10000
Latin America and Caribbean,,2004,10000
Latin America and Caribbean,,2005,10000
Latin America and Caribbean,,2006,9800
Latin America and Caribbean,,2007,9600
Latin America and Caribbean,,2008,9500
Latin America and Caribbean,,2009,9500
Latin America and Caribbean,,2010,9100
Latin America and Caribbean,,2011,8800
Latin America and Caribbean,,2012,8600
Latin America and Caribbean,,2013,8400
Latin America and Caribbean,,2014,8300
Latin America and Caribbean,,2015,8200
Latin America and Caribbean,,2016,8000
Latin America and Caribbean,,2017,7800
Latvia,LVA,2000,7
Latvia,LVA,2001,7
Latvia,LVA,2002,7
Latvia,LVA,2003,7
Latvia,LVA,2004,7
Latvia,LVA,2005,7
Latvia,LVA,2006,7
Latvia,LVA,2007,7
Latvia,LVA,2008,6
Latvia,LVA,2009,6
Latvia,LVA,2010,6
Latvia,LVA,2011,6
Latvia,LVA,2012,5
Latvia,LVA,2013,6
Latvia,LVA,2014,5
Latvia,LVA,2015,5
Latvia,LVA,2016,5
Latvia,LVA,2017,4
Lebanon,LBN,2000,23
Lebanon,LBN,2001,22
Lebanon,LBN,2002,21
Lebanon,LBN,2003,20
Lebanon,LBN,2004,19
Lebanon,LBN,2005,18
Lebanon,LBN,2006,18
Lebanon,LBN,2007,17
Lebanon,LBN,2008,18
Lebanon,LBN,2009,19
Lebanon,LBN,2010,20
Lebanon,LBN,2011,23
Lebanon,LBN,2012,24
Lebanon,LBN,2013,27
Lebanon,LBN,2014,30
Lebanon,LBN,2015,33
Lebanon,LBN,2016,33
Lebanon,LBN,2017,34
Lesotho,LSO,2000,380
Lesotho,LSO,2001,390
Lesotho,LSO,2002,410
Lesotho,LSO,2003,420
Lesotho,LSO,2004,420
Lesotho,LSO,2005,420
Lesotho,LSO,2006,400
Lesotho,LSO,2007,390
Lesotho,LSO,2008,370
Lesotho,LSO,2009,360
Lesotho,LSO,2010,350
Lesotho,LSO,2011,340
Lesotho,LSO,2012,340
Lesotho,LSO,2013,340
Lesotho,LSO,2014,330
Lesotho,LSO,2015,330
Lesotho,LSO,2016,320
Lesotho,LSO,2017,310
Liberia,LBR,2000,1000
Liberia,LBR,2001,1100
Liberia,LBR,2002,1200
Liberia,LBR,2003,1100
Liberia,LBR,2004,1100
Liberia,LBR,2005,1100
Liberia,LBR,2006,1100
Liberia,LBR,2007,1000
Liberia,LBR,2008,1000
Liberia,LBR,2009,1000
Liberia,LBR,2010,1000
Liberia,LBR,2011,1000
Liberia,LBR,2012,1000
Liberia,LBR,2013,1000
Liberia,LBR,2014,1000
Liberia,LBR,2015,1100
Liberia,LBR,2016,1000
Liberia,LBR,2017,1000
Libya,LBY,2000,81
Libya,LBY,2001,79
Libya,LBY,2002,78
Libya,LBY,2003,76
Libya,LBY,2004,74
Libya,LBY,2005,71
Libya,LBY,2006,69
Libya,LBY,2007,68
Libya,LBY,2008,68
Libya,LBY,2009,71
Libya,LBY,2010,72
Libya,LBY,2011,76
Libya,LBY,2012,75
Libya,LBY,2013,78
Libya,LBY,2014,85
Libya,LBY,2015,93
Libya,LBY,2016,96
Libya,LBY,2017,92
Lithuania,LTU,2000,5
Lithuania,LTU,2001,5
Lithuania,LTU,2002,4
Lithuania,LTU,2003,4
Lithuania,LTU,2004,4
Lithuania,LTU,2005,4
Lithuania,LTU,2006,4
Lithuania,LTU,2007,4
Lithuania,LTU,2008,4
Lithuania,LTU,2009,3
Lithuania,LTU,2010,3
Lithuania,LTU,2011,3
Lithuania,LTU,2012,3
Lithuania,LTU,2013,3
Lithuania,LTU,2014,3
Lithuania,LTU,2015,3
Lithuania,LTU,2016,3
Lithuania,LTU,2017,2
Low and middle income,,2000,449000
Low and middle income,,2001,441000
Low and middle income,,2002,433000
Low and middle income,,2003,424000
Low and middle income,,2004,412000
Low and middle income,,2005,397000
Low and middle income,,2006,384000
Low and middle income,,2007,371000
Low and middle income,,2008,361000
Low and middle income,,2009,351000
Low and middle income,,2010,341000
Low and middle income,,2011,332000
Low and middle income,,2012,324000
Low and middle income,,2013,317000
Low and middle income,,2014,311000
Low and middle income,,2015,304000
Low and middle income,,2016,298000
Low and middle income,,2017,293000
Low income,,2000,141000
Low income,,2001,139000
Low income,,2002,138000
Low income,,2003,136000
Low income,,2004,133000
Low income,,2005,129000
Low income,,2006,125000
Low income,,2007,121000
Low income,,2008,119000
Low income,,2009,116000
Low income,,2010,113000
Low income,,2011,111000
Low income,,2012,109000
Low income,,2013,107000
Low income,,2014,106000
Low income,,2015,103000
Low income,,2016,102000
Low income,,2017,100000
Lower middle income,,2000,285000
Lower middle income,,2001,279000
Lower middle income,,2002,273000
Lower middle income,,2003,266000
Lower middle income,,2004,258000
Lower middle income,,2005,248000
Lower middle income,,2006,239000
Lower middle income,,2007,230000
Lower middle income,,2008,224000
Lower middle income,,2009,217000
Lower middle income,,2010,211000
Lower middle income,,2011,204000
Lower middle income,,2012,199000
Lower middle income,,2013,194000
Lower middle income,,2014,190000
Lower middle income,,2015,186000
Lower middle income,,2016,181000
Lower middle income,,2017,179000
Luxembourg,LUX,2000,1
Luxembourg,LUX,2001,1
Luxembourg,LUX,2002,0
Luxembourg,LUX,2003,0
Luxembourg,LUX,2004,0
Luxembourg,LUX,2005,0
Luxembourg,LUX,2006,0
Luxembourg,LUX,2007,0
Luxembourg,LUX,2008,0
Luxembourg,LUX,2009,0
Luxembourg,LUX,2010,0
Luxembourg,LUX,2011,0
Luxembourg,LUX,2012,0
Luxembourg,LUX,2013,0
Luxembourg,LUX,2014,0
Luxembourg,LUX,2015,0
Luxembourg,LUX,2016,0
Luxembourg,LUX,2017,0
Madagascar,MDG,2000,3600
Madagascar,MDG,2001,3600
Madagascar,MDG,2002,3700
Madagascar,MDG,2003,3700
Madagascar,MDG,2004,3700
Madagascar,MDG,2005,3700
Madagascar,MDG,2006,3600
Madagascar,MDG,2007,3600
Madagascar,MDG,2008,3600
Madagascar,MDG,2009,3500
Madagascar,MDG,2010,3400
Madagascar,MDG,2011,3300
Madagascar,MDG,2012,3200
Madagascar,MDG,2013,3100
Madagascar,MDG,2014,3000
Madagascar,MDG,2015,2900
Madagascar,MDG,2016,2900
Madagascar,MDG,2017,2800
Malawi,MWI,2000,3600
Malawi,MWI,2001,3700
Malawi,MWI,2002,3600
Malawi,MWI,2003,3600
Malawi,MWI,2004,3500
Malawi,MWI,2005,3300
Malawi,MWI,2006,3200
Malawi,MWI,2007,3000
Malawi,MWI,2008,2800
Malawi,MWI,2009,2700
Malawi,MWI,2010,2600
Malawi,MWI,2011,2500
Malawi,MWI,2012,2400
Malawi,MWI,2013,2400
Malawi,MWI,2014,2300
Malawi,MWI,2015,2200
Malawi,MWI,2016,2200
Malawi,MWI,2017,2100
Malaysia,MYS,2000,190
Malaysia,MYS,2001,180
Malaysia,MYS,2002,170
Malaysia,MYS,2003,160
Malaysia,MYS,2004,150
Malaysia,MYS,2005,140
Malaysia,MYS,2006,140
Malaysia,MYS,2007,140
Malaysia,MYS,2008,140
Malaysia,MYS,2009,140
Malaysia,MYS,2010,140
Malaysia,MYS,2011,150
Malaysia,MYS,2012,150
Malaysia,MYS,2013,150
Malaysia,MYS,2014,150
Malaysia,MYS,2015,150
Malaysia,MYS,2016,150
Malaysia,MYS,2017,150
Maldives,MDV,2000,8
Maldives,MDV,2001,7
Maldives,MDV,2002,6
Maldives,MDV,2003,6
Maldives,MDV,2004,5
Maldives,MDV,2005,5
Maldives,MDV,2006,5
Maldives,MDV,2007,5
Maldives,MDV,2008,5
Maldives,MDV,2009,5
Maldives,MDV,2010,5
Maldives,MDV,2011,5
Maldives,MDV,2012,5
Maldives,MDV,2013,4
Maldives,MDV,2014,4
Maldives,MDV,2015,4
Maldives,MDV,2016,4
Maldives,MDV,2017,4
Mali,MLI,2000,4500
Mali,MLI,2001,4400
Mali,MLI,2002,4400
Mali,MLI,2003,4300
Mali,MLI,2004,4300
Mali,MLI,2005,4300
Mali,MLI,2006,4300
Mali,MLI,2007,4300
Mali,MLI,2008,4400
Mali,MLI,2009,4500
Mali,MLI,2010,4600
Mali,MLI,2011,4700
Mali,MLI,2012,4800
Mali,MLI,2013,4900
Mali,MLI,2014,4800
Mali,MLI,2015,4700
Mali,MLI,2016,4500
Mali,MLI,2017,4400
Malta,MLT,2000,0
Malta,MLT,2001,0
Malta,MLT,2002,0
Malta,MLT,2003,0
Malta,MLT,2004,0
Malta,MLT,2005,0
Malta,MLT,2006,0
Malta,MLT,2007,0
Malta,MLT,2008,0
Malta,MLT,2009,0
Malta,MLT,2010,0
Malta,MLT,2011,0
Malta,MLT,2012,0
Malta,MLT,2013,0
Malta,MLT,2014,0
Malta,MLT,2015,0
Malta,MLT,2016,0
Malta,MLT,2017,0
Mauritania,MRT,2000,840
Mauritania,MRT,2001,860
Mauritania,MRT,2002,880
Mauritania,MRT,2003,900
Mauritania,MRT,2004,920
Mauritania,MRT,2005,930
Mauritania,MRT,2006,950
Mauritania,MRT,2007,970
Mauritania,MRT,2008,1000
Mauritania,MRT,2009,1000
Mauritania,MRT,2010,1100
Mauritania,MRT,2011,1100
Mauritania,MRT,2012,1100
Mauritania,MRT,2013,1100
Mauritania,MRT,2014,1100
Mauritania,MRT,2015,1100
Mauritania,MRT,2016,1100
Mauritania,MRT,2017,1100
Mauritius,MUS,2000,12
Mauritius,MUS,2001,11
Mauritius,MUS,2002,10
Mauritius,MUS,2003,11
Mauritius,MUS,2004,10
Mauritius,MUS,2005,10
Mauritius,MUS,2006,10
Mauritius,MUS,2007,9
Mauritius,MUS,2008,9
Mauritius,MUS,2009,9
Mauritius,MUS,2010,10
Mauritius,MUS,2011,8
Mauritius,MUS,2012,9
Mauritius,MUS,2013,8
Mauritius,MUS,2014,9
Mauritius,MUS,2015,10
Mauritius,MUS,2016,9
Mauritius,MUS,2017,8
Mexico,MEX,2000,1300
Mexico,MEX,2001,1300
Mexico,MEX,2002,1300
Mexico,MEX,2003,1300
Mexico,MEX,2004,1200
Mexico,MEX,2005,1200
Mexico,MEX,2006,1200
Mexico,MEX,2007,1100
Mexico,MEX,2008,1100
Mexico,MEX,2009,1200
Mexico,MEX,2010,1100
Mexico,MEX,2011,980
Mexico,MEX,2012,940
Mexico,MEX,2013,880
Mexico,MEX,2014,870
Mexico,MEX,2015,810
Mexico,MEX,2016,770
Mexico,MEX,2017,740
Micronesia (country),FSM,2000,5
Micronesia (country),FSM,2001,5
Micronesia (country),FSM,2002,5
Micronesia (country),FSM,2003,4
Micronesia (country),FSM,2004,4
Micronesia (country),FSM,2005,4
Micronesia (country),FSM,2006,3
Micronesia (country),FSM,2007,3
Micronesia (country),FSM,2008,3
Micronesia (country),FSM,2009,3
Micronesia (country),FSM,2010,3
Micronesia (country),FSM,2011,3
Micronesia (country),FSM,2012,3
Micronesia (country),FSM,2013,2
Micronesia (country),FSM,2014,2
Micronesia (country),FSM,2015,2
Micronesia (country),FSM,2016,2
Micronesia (country),FSM,2017,2
Middle East and North Africa,,2000,7500
Middle East and North Africa,,2001,7200
Middle East and North Africa,,2002,6900
Middle East and North Africa,,2003,7300
Middle East and North Africa,,2004,6900
Middle East and North Africa,,2005,6800
Middle East and North Africa,,2006,7000
Middle East and North Africa,,2007,6700
Middle East and North Africa,,2008,6200
Middle East and North Africa,,2009,6000
Middle East and North Africa,,2010,5900
Middle East and North Africa,,2011,5800
Middle East and North Africa,,2012,5900
Middle East and North Africa,,2013,5900
Middle East and North Africa,,2014,6100
Middle East and North Africa,,2015,6000
Middle East and North Africa,,2016,5900
Middle East and North Africa,,2017,5800
Middle income,,2000,308000
Middle income,,2001,302000
Middle income,,2002,294000
Middle income,,2003,287000
Middle income,,2004,279000
Middle income,,2005,269000
Middle income,,2006,259000
Middle income,,2007,250000
Middle income,,2008,243000
Middle income,,2009,235000
Middle income,,2010,228000
Middle income,,2011,221000
Middle income,,2012,215000
Middle income,,2013,210000
Middle income,,2014,205000
Middle income,,2015,201000
Middle income,,2016,196000
Middle income,,2017,193000
Moldova,MDA,2000,21
Moldova,MDA,2001,18
Moldova,MDA,2002,16
Moldova,MDA,2003,15
Moldova,MDA,2004,14
Moldova,MDA,2005,15
Moldova,MDA,2006,14
Moldova,MDA,2007,14
Moldova,MDA,2008,13
Moldova,MDA,2009,13
Moldova,MDA,2010,13
Moldova,MDA,2011,10
Moldova,MDA,2012,10
Moldova,MDA,2013,9
Moldova,MDA,2014,10
Moldova,MDA,2015,10
Moldova,MDA,2016,8
Moldova,MDA,2017,8
Mongolia,MNG,2000,72
Mongolia,MNG,2001,64
Mongolia,MNG,2002,58
Mongolia,MNG,2003,54
Mongolia,MNG,2004,52
Mongolia,MNG,2005,50
Mongolia,MNG,2006,49
Mongolia,MNG,2007,49
Mongolia,MNG,2008,49
Mongolia,MNG,2009,47
Mongolia,MNG,2010,44
Mongolia,MNG,2011,42
Mongolia,MNG,2012,40
Mongolia,MNG,2013,38
Mongolia,MNG,2014,37
Mongolia,MNG,2015,36
Mongolia,MNG,2016,35
Mongolia,MNG,2017,35
Montenegro,MNE,2000,1
Montenegro,MNE,2001,1
Montenegro,MNE,2002,1
Montenegro,MNE,2003,1
Montenegro,MNE,2004,1
Montenegro,MNE,2005,1
Montenegro,MNE,2006,1
Montenegro,MNE,2007,1
Montenegro,MNE,2008,1
Montenegro,MNE,2009,1
Montenegro,MNE,2010,1
Montenegro,MNE,2011,1
Montenegro,MNE,2012,1
Montenegro,MNE,2013,0
Montenegro,MNE,2014,0
Montenegro,MNE,2015,0
Montenegro,MNE,2016,0
Montenegro,MNE,2017,0
Morocco,MAR,2000,1200
Morocco,MAR,2001,1100
Morocco,MAR,2002,1000
Morocco,MAR,2003,980
Morocco,MAR,2004,920
Morocco,MAR,2005,850
Morocco,MAR,2006,790
Morocco,MAR,2007,740
Morocco,MAR,2008,710
Morocco,MAR,2009,670
Morocco,MAR,2010,630
Morocco,MAR,2011,600
Morocco,MAR,2012,570
Morocco,MAR,2013,550
Morocco,MAR,2014,540
Morocco,MAR,2015,520
Morocco,MAR,2016,500
Morocco,MAR,2017,480
Mozambique,MOZ,2000,6400
Mozambique,MOZ,2001,6100
Mozambique,MOZ,2002,5900
Mozambique,MOZ,2003,5600
Mozambique,MOZ,2004,5400
Mozambique,MOZ,2005,5100
Mozambique,MOZ,2006,4900
Mozambique,MOZ,2007,4600
Mozambique,MOZ,2008,4400
Mozambique,MOZ,2009,4100
Mozambique,MOZ,2010,4000
Mozambique,MOZ,2011,3800
Mozambique,MOZ,2012,3700
Mozambique,MOZ,2013,3600
Mozambique,MOZ,2014,3500
Mozambique,MOZ,2015,3300
Mozambique,MOZ,2016,3200
Mozambique,MOZ,2017,3100
Myanmar,MMR,2000,3900
Myanmar,MMR,2001,3800
Myanmar,MMR,2002,3700
Myanmar,MMR,2003,3600
Myanmar,MMR,2004,3500
Myanmar,MMR,2005,3300
Myanmar,MMR,2006,3200
Myanmar,MMR,2007,3100
Myanmar,MMR,2008,3000
Myanmar,MMR,2009,2800
Myanmar,MMR,2010,2700
Myanmar,MMR,2011,2600
Myanmar,MMR,2012,2500
Myanmar,MMR,2013,2400
Myanmar,MMR,2014,2400
Myanmar,MMR,2015,2300
Myanmar,MMR,2016,2300
Myanmar,MMR,2017,2400
Namibia,NAM,2000,190
Namibia,NAM,2001,190
Namibia,NAM,2002,200
Namibia,NAM,2003,200
Namibia,NAM,2004,200
Namibia,NAM,2005,200
Namibia,NAM,2006,190
Namibia,NAM,2007,180
Namibia,NAM,2008,180
Namibia,NAM,2009,170
Namibia,NAM,2010,170
Namibia,NAM,2011,170
Namibia,NAM,2012,160
Namibia,NAM,2013,160
Namibia,NAM,2014,150
Namibia,NAM,2015,150
Namibia,NAM,2016,140
Namibia,NAM,2017,140
Nepal,NPL,2000,4200
Nepal,NPL,2001,3800
Nepal,NPL,2002,3800
Nepal,NPL,2003,3300
Nepal,NPL,2004,3100
Nepal,NPL,2005,2800
Nepal,NPL,2006,2500
Nepal,NPL,2007,2300
Nepal,NPL,2008,2100
Nepal,NPL,2009,2000
Nepal,NPL,2010,1900
Nepal,NPL,2011,1700
Nepal,NPL,2012,1600
Nepal,NPL,2013,1400
Nepal,NPL,2014,1300
Nepal,NPL,2015,1400
Nepal,NPL,2016,1100
Nepal,NPL,2017,1100
Netherlands,NLD,2000,26
Netherlands,NLD,2001,25
Netherlands,NLD,2002,25
Netherlands,NLD,2003,24
Netherlands,NLD,2004,22
Netherlands,NLD,2005,20
Netherlands,NLD,2006,18
Netherlands,NLD,2007,16
Netherlands,NLD,2008,15
Netherlands,NLD,2009,14
Netherlands,NLD,2010,13
Netherlands,NLD,2011,13
Netherlands,NLD,2012,12
Netherlands,NLD,2013,11
Netherlands,NLD,2014,11
Netherlands,NLD,2015,10
Netherlands,NLD,2016,10
Netherlands,NLD,2017,9
New Zealand,NZL,2000,7
New Zealand,NZL,2001,6
New Zealand,NZL,2002,7
New Zealand,NZL,2003,7
New Zealand,NZL,2004,7
New Zealand,NZL,2005,7
New Zealand,NZL,2006,7
New Zealand,NZL,2007,7
New Zealand,NZL,2008,7
New Zealand,NZL,2009,7
New Zealand,NZL,2010,7
New Zealand,NZL,2011,6
New Zealand,NZL,2012,6
New Zealand,NZL,2013,5
New Zealand,NZL,2014,6
New Zealand,NZL,2015,6
New Zealand,NZL,2016,6
New Zealand,NZL,2017,5
Nicaragua,NIC,2000,220
Nicaragua,NIC,2001,210
Nicaragua,NIC,2002,200
Nicaragua,NIC,2003,200
Nicaragua,NIC,2004,190
Nicaragua,NIC,2005,180
Nicaragua,NIC,2006,170
Nicaragua,NIC,2007,160
Nicaragua,NIC,2008,160
Nicaragua,NIC,2009,160
Nicaragua,NIC,2010,150
Nicaragua,NIC,2011,150
Nicaragua,NIC,2012,150
Nicaragua,NIC,2013,140
Nicaragua,NIC,2014,140
Nicaragua,NIC,2015,140
Nicaragua,NIC,2016,140
Nicaragua,NIC,2017,130
Niger,NER,2000,4900
Niger,NER,2001,5000
Niger,NER,2002,5100
Niger,NER,2003,5200
Niger,NER,2004,5300
Niger,NER,2005,5300
Niger,NER,2006,5400
Niger,NER,2007,5500
Niger,NER,2008,5500
Niger,NER,2009,5500
Niger,NER,2010,5500
Niger,NER,2011,5400
Niger,NER,2012,5400
Niger,NER,2013,5400
Niger,NER,2014,5300
Niger,NER,2015,5300
Niger,NER,2016,5200
Niger,NER,2017,5100
Nigeria,NGA,2000,64000
Nigeria,NGA,2001,65000
Nigeria,NGA,2002,66000
Nigeria,NGA,2003,66000
Nigeria,NGA,2004,65000
Nigeria,NGA,2005,64000
Nigeria,NGA,2006,63000
Nigeria,NGA,2007,62000
Nigeria,NGA,2008,63000
Nigeria,NGA,2009,64000
Nigeria,NGA,2010,64000
Nigeria,NGA,2011,65000
Nigeria,NGA,2012,66000
Nigeria,NGA,2013,66000
Nigeria,NGA,2014,66000
Nigeria,NGA,2015,66000
Nigeria,NGA,2016,67000
Nigeria,NGA,2017,67000
North America,,2000,500
North America,,2001,540
North America,,2002,550
North America,,2003,570
North America,,2004,580
North America,,2005,590
North America,,2006,610
North America,,2007,610
North America,,2008,630
North America,,2009,650
North America,,2010,640
North America,,2011,660
North America,,2012,660
North America,,2013,670
North America,,2014,680
North America,,2015,730
North America,,2016,770
North America,,2017,760
North Korea,PRK,2000,570
North Korea,PRK,2001,520
North Korea,PRK,2002,480
North Korea,PRK,2003,470
North Korea,PRK,2004,460
North Korea,PRK,2005,450
North Korea,PRK,2006,430
North Korea,PRK,2007,420
North Korea,PRK,2008,410
North Korea,PRK,2009,390
North Korea,PRK,2010,370
North Korea,PRK,2011,350
North Korea,PRK,2012,330
North Korea,PRK,2013,330
North Korea,PRK,2014,320
North Korea,PRK,2015,320
North Korea,PRK,2016,320
North Korea,PRK,2017,310
North Macedonia,MKD,2000,3
North Macedonia,MKD,2001,3
North Macedonia,MKD,2002,3
North Macedonia,MKD,2003,3
North Macedonia,MKD,2004,3
North Macedonia,MKD,2005,2
North Macedonia,MKD,2006,2
North Macedonia,MKD,2007,2
North Macedonia,MKD,2008,2
North Macedonia,MKD,2009,2
North Macedonia,MKD,2010,2
North Macedonia,MKD,2011,2
North Macedonia,MKD,2012,2
North Macedonia,MKD,2013,2
North Macedonia,MKD,2014,2
North Macedonia,MKD,2015,2
North Macedonia,MKD,2016,2
North Macedonia,MKD,2017,2
Norway,NOR,2000,3
Norway,NOR,2001,3
Norway,NOR,2002,3
Norway,NOR,2003,3
Norway,NOR,2004,3
Norway,NOR,2005,3
Norway,NOR,2006,3
Norway,NOR,2007,3
Norway,NOR,2008,2
Norway,NOR,2009,2
Norway,NOR,2010,2
Norway,NOR,2011,2
Norway,NOR,2012,2
Norway,NOR,2013,2
Norway,NOR,2014,2
Norway,NOR,2015,2
Norway,NOR,2016,2
Norway,NOR,2017,1
Oman,OMN,2000,11
Oman,OMN,2001,11
Oman,OMN,2002,11
Oman,OMN,2003,11
Oman,OMN,2004,11
Oman,OMN,2005,10
Oman,OMN,2006,10
Oman,OMN,2007,11
Oman,OMN,2008,11
Oman,OMN,2009,12
Oman,OMN,2010,12
Oman,OMN,2011,13
Oman,OMN,2012,14
Oman,OMN,2013,15
Oman,OMN,2014,15
Oman,OMN,2015,16
Oman,OMN,2016,17
Oman,OMN,2017,17
Pakistan,PAK,2000,14000
Pakistan,PAK,2001,14000
Pakistan,PAK,2002,13000
Pakistan,PAK,2003,13000
Pakistan,PAK,2004,12000
Pakistan,PAK,2005,12000
Pakistan,PAK,2006,11000
Pakistan,PAK,2007,11000
Pakistan,PAK,2008,11000
Pakistan,PAK,2009,11000
Pakistan,PAK,2010,10000
Pakistan,PAK,2011,9900
Pakistan,PAK,2012,9600
Pakistan,PAK,2013,9400
Pakistan,PAK,2014,9200
Pakistan,PAK,2015,9000
Pakistan,PAK,2016,8400
Pakistan,PAK,2017,8300
Palestine,PSE,2000,85
Palestine,PSE,2001,84
Palestine,PSE,2002,85
Palestine,PSE,2003,81
Palestine,PSE,2004,79
Palestine,PSE,2005,74
Palestine,PSE,2006,74
Palestine,PSE,2007,72
Palestine,PSE,2008,70
Palestine,PSE,2009,68
Palestine,PSE,2010,61
Palestine,PSE,2011,58
Palestine,PSE,2012,55
Palestine,PSE,2013,51
Palestine,PSE,2014,53
Palestine,PSE,2015,45
Palestine,PSE,2016,42
Palestine,PSE,2017,39
Panama,PAN,2000,64
Panama,PAN,2001,62
Panama,PAN,2002,66
Panama,PAN,2003,68
Panama,PAN,2004,64
Panama,PAN,2005,65
Panama,PAN,2006,65
Panama,PAN,2007,64
Panama,PAN,2008,64
Panama,PAN,2009,63
Panama,PAN,2010,61
Panama,PAN,2011,59
Panama,PAN,2012,58
Panama,PAN,2013,52
Panama,PAN,2014,47
Panama,PAN,2015,46
Panama,PAN,2016,43
Panama,PAN,2017,41
Papua New Guinea,PNG,2000,490
Papua New Guinea,PNG,2001,490
Papua New Guinea,PNG,2002,480
Papua New Guinea,PNG,2003,460
Papua New Guinea,PNG,2004,440
Papua New Guinea,PNG,2005,420
Papua New Guinea,PNG,2006,400
Papua New Guinea,PNG,2007,380
Papua New Guinea,PNG,2008,370
Papua New Guinea,PNG,2009,370
Papua New Guinea,PNG,2010,370
Papua New Guinea,PNG,2011,370
Papua New Guinea,PNG,2012,360
Papua New Guinea,PNG,2013,360
Papua New Guinea,PNG,2014,350
Papua New Guinea,PNG,2015,340
Papua New Guinea,PNG,2016,340
Papua New Guinea,PNG,2017,340
Paraguay,PRY,2000,280
Paraguay,PRY,2001,270
Paraguay,PRY,2002,270
Paraguay,PRY,2003,260
Paraguay,PRY,2004,250
Paraguay,PRY,2005,240
Paraguay,PRY,2006,240
Paraguay,PRY,2007,230
Paraguay,PRY,2008,220
Paraguay,PRY,2009,220
Paraguay,PRY,2010,210
Paraguay,PRY,2011,200
Paraguay,PRY,2012,200
Paraguay,PRY,2013,190
Paraguay,PRY,2014,190
Paraguay,PRY,2015,190
Paraguay,PRY,2016,190
Paraguay,PRY,2017,180
Peru,PER,2000,890
Peru,PER,2001,840
Peru,PER,2002,810
Peru,PER,2003,780
Peru,PER,2004,750
Peru,PER,2005,730
Peru,PER,2006,710
Peru,PER,2007,690
Peru,PER,2008,660
Peru,PER,2009,650
Peru,PER,2010,620
Peru,PER,2011,600
Peru,PER,2012,580
Peru,PER,2013,560
Peru,PER,2014,550
Peru,PER,2015,540
Peru,PER,2016,520
Peru,PER,2017,500
Philippines,PHL,2000,3700
Philippines,PHL,2001,3800
Philippines,PHL,2002,3800
Philippines,PHL,2003,3700
Philippines,PHL,2004,3700
Philippines,PHL,2005,3700
Philippines,PHL,2006,3700
Philippines,PHL,2007,3500
Philippines,PHL,2008,3500
Philippines,PHL,2009,3500
Philippines,PHL,2010,3400
Philippines,PHL,2011,3300
Philippines,PHL,2012,3300
Philippines,PHL,2013,3200
Philippines,PHL,2014,3000
Philippines,PHL,2015,2900
Philippines,PHL,2016,2800
Philippines,PHL,2017,2700
Poland,POL,2000,26
Poland,POL,2001,23
Poland,POL,2002,20
Poland,POL,2003,18
Poland,POL,2004,18
Poland,POL,2005,17
Poland,POL,2006,16
Poland,POL,2007,15
Poland,POL,2008,14
Poland,POL,2009,13
Poland,POL,2010,11
Poland,POL,2011,11
Poland,POL,2012,10
Poland,POL,2013,10
Poland,POL,2014,9
Poland,POL,2015,9
Poland,POL,2016,9
Poland,POL,2017,8
Portugal,PRT,2000,11
Portugal,PRT,2001,12
Portugal,PRT,2002,11
Portugal,PRT,2003,11
Portugal,PRT,2004,11
Portugal,PRT,2005,10
Portugal,PRT,2006,10
Portugal,PRT,2007,9
Portugal,PRT,2008,9
Portugal,PRT,2009,9
Portugal,PRT,2010,9
Portugal,PRT,2011,8
Portugal,PRT,2012,8
Portugal,PRT,2013,7
Portugal,PRT,2014,7
Portugal,PRT,2015,7
Portugal,PRT,2016,7
Portugal,PRT,2017,6
Puerto Rico,PRI,2000,14
Puerto Rico,PRI,2001,13
Puerto Rico,PRI,2002,13
Puerto Rico,PRI,2003,12
Puerto Rico,PRI,2004,12
Puerto Rico,PRI,2005,11
Puerto Rico,PRI,2006,11
Puerto Rico,PRI,2007,11
Puerto Rico,PRI,2008,10
Puerto Rico,PRI,2009,10
Puerto Rico,PRI,2010,9
Puerto Rico,PRI,2011,9
Puerto Rico,PRI,2012,7
Puerto Rico,PRI,2013,7
Puerto Rico,PRI,2014,7
Puerto Rico,PRI,2015,6
Puerto Rico,PRI,2016,6
Puerto Rico,PRI,2017,5
Qatar,QAT,2000,2
Qatar,QAT,2001,2
Qatar,QAT,2002,2
Qatar,QAT,2003,2
Qatar,QAT,2004,2
Qatar,QAT,2005,2
Qatar,QAT,2006,2
Qatar,QAT,2007,2
Qatar,QAT,2008,2
Qatar,QAT,2009,2
Qatar,QAT,2010,2
Qatar,QAT,2011,2
Qatar,QAT,2012,2
Qatar,QAT,2013,2
Qatar,QAT,2014,2
Qatar,QAT,2015,2
Qatar,QAT,2016,2
Qatar,QAT,2017,2
Romania,ROU,2000,120
Romania,ROU,2001,110
Romania,ROU,2002,100
Romania,ROU,2003,92
Romania,ROU,2004,85
Romania,ROU,2005,78
Romania,ROU,2006,71
Romania,ROU,2007,66
Romania,ROU,2008,63
Romania,ROU,2009,62
Romania,ROU,2010,58
Romania,ROU,2011,50
Romania,ROU,2012,46
Romania,ROU,2013,42
Romania,ROU,2014,42
Romania,ROU,2015,41
Romania,ROU,2016,40
Romania,ROU,2017,36
Russia,RUS,2000,740
Russia,RUS,2001,720
Russia,RUS,2002,710
Russia,RUS,2003,710
Russia,RUS,2004,660
Russia,RUS,2005,650
Russia,RUS,2006,560
Russia,RUS,2007,520
Russia,RUS,2008,490
Russia,RUS,2009,460
Russia,RUS,2010,450
Russia,RUS,2011,420
Russia,RUS,2012,400
Russia,RUS,2013,380
Russia,RUS,2014,360
Russia,RUS,2015,350
Russia,RUS,2016,330
Russia,RUS,2017,320
Rwanda,RWA,2000,3500
Rwanda,RWA,2001,3400
Rwanda,RWA,2002,3000
Rwanda,RWA,2003,2800
Rwanda,RWA,2004,2500
Rwanda,RWA,2005,2100
Rwanda,RWA,2006,1800
Rwanda,RWA,2007,1600
Rwanda,RWA,2008,1500
Rwanda,RWA,2009,1500
Rwanda,RWA,2010,1300
Rwanda,RWA,2011,1200
Rwanda,RWA,2012,1200
Rwanda,RWA,2013,1100
Rwanda,RWA,2014,1100
Rwanda,RWA,2015,1000
Rwanda,RWA,2016,990
Rwanda,RWA,2017,960
Saint Lucia,LCA,2000,3
Saint Lucia,LCA,2001,2
Saint Lucia,LCA,2002,2
Saint Lucia,LCA,2003,2
Saint Lucia,LCA,2004,2
Saint Lucia,LCA,2005,2
Saint Lucia,LCA,2006,2
Saint Lucia,LCA,2007,2
Saint Lucia,LCA,2008,2
Saint Lucia,LCA,2009,2
Saint Lucia,LCA,2010,2
Saint Lucia,LCA,2011,3
Saint Lucia,LCA,2012,3
Saint Lucia,LCA,2013,2
Saint Lucia,LCA,2014,2
Saint Lucia,LCA,2015,3
Saint Lucia,LCA,2016,3
Saint Lucia,LCA,2017,3
Saint Vincent and the Grenadines,VCT,2000,2
Saint Vincent and the Grenadines,VCT,2001,2
Saint Vincent and the Grenadines,VCT,2002,1
Saint Vincent and the Grenadines,VCT,2003,1
Saint Vincent and the Grenadines,VCT,2004,1
Saint Vincent and the Grenadines,VCT,2005,1
Saint Vincent and the Grenadines,VCT,2006,1
Saint Vincent and the Grenadines,VCT,2007,1
Saint Vincent and the Grenadines,VCT,2008,1
Saint Vincent and the Grenadines,VCT,2009,1
Saint Vincent and the Grenadines,VCT,2010,1
Saint Vincent and the Grenadines,VCT,2011,1
Saint Vincent and the Grenadines,VCT,2012,1
Saint Vincent and the Grenadines,VCT,2013,1
Saint Vincent and the Grenadines,VCT,2014,1
Saint Vincent and the Grenadines,VCT,2015,1
Saint Vincent and the Grenadines,VCT,2016,1
Saint Vincent and the Grenadines,VCT,2017,1
Samoa,WSM,2000,5
Samoa,WSM,2001,5
Samoa,WSM,2002,4
Samoa,WSM,2003,4
Samoa,WSM,2004,4
Samoa,WSM,2005,4
Samoa,WSM,2006,3
Samoa,WSM,2007,3
Samoa,WSM,2008,3
Samoa,WSM,2009,3
Samoa,WSM,2010,3
Samoa,WSM,2011,3
Samoa,WSM,2012,3
Samoa,WSM,2013,2
Samoa,WSM,2014,2
Samoa,WSM,2015,2
Samoa,WSM,2016,2
Samoa,WSM,2017,2
Sao Tome and Principe,STP,2000,10
Sao Tome and Principe,STP,2001,10
Sao Tome and Principe,STP,2002,10
Sao Tome and Principe,STP,2003,10
Sao Tome and Principe,STP,2004,10
Sao Tome and Principe,STP,2005,10
Sao Tome and Principe,STP,2006,10
Sao Tome and Principe,STP,2007,10
Sao Tome and Principe,STP,2008,10
Sao Tome and Principe,STP,2009,9
Sao Tome and Principe,STP,2010,9
Sao Tome and Principe,STP,2011,9
Sao Tome and Principe,STP,2012,9
Sao Tome and Principe,STP,2013,9
Sao Tome and Principe,STP,2014,9
Sao Tome and Principe,STP,2015,9
Sao Tome and Principe,STP,2016,9
Sao Tome and Principe,STP,2017,9
Saudi Arabia,SAU,2000,130
Saudi Arabia,SAU,2001,130
Saudi Arabia,SAU,2002,130
Saudi Arabia,SAU,2003,130
Saudi Arabia,SAU,2004,130
Saudi Arabia,SAU,2005,120
Saudi Arabia,SAU,2006,120
Saudi Arabia,SAU,2007,120
Saudi Arabia,SAU,2008,120
Saudi Arabia,SAU,2009,120
Saudi Arabia,SAU,2010,120
Saudi Arabia,SAU,2011,110
Saudi Arabia,SAU,2012,110
Saudi Arabia,SAU,2013,110
Saudi Arabia,SAU,2014,110
Saudi Arabia,SAU,2015,110
Saudi Arabia,SAU,2016,100
Saudi Arabia,SAU,2017,100
Senegal,SEN,2000,2100
Senegal,SEN,2001,2100
Senegal,SEN,2002,2200
Senegal,SEN,2003,2200
Senegal,SEN,2004,2200
Senegal,SEN,2005,2200
Senegal,SEN,2006,2300
Senegal,SEN,2007,2300
Senegal,SEN,2008,2300
Senegal,SEN,2009,2200
Senegal,SEN,2010,2200
Senegal,SEN,2011,2100
Senegal,SEN,2012,2000
Senegal,SEN,2013,2000
Senegal,SEN,2014,1900
Senegal,SEN,2015,1800
Senegal,SEN,2016,1800
Senegal,SEN,2017,1700
Serbia,SRB,2000,15
Serbia,SRB,2001,15
Serbia,SRB,2002,15
Serbia,SRB,2003,14
Serbia,SRB,2004,13
Serbia,SRB,2005,13
Serbia,SRB,2006,12
Serbia,SRB,2007,12
Serbia,SRB,2008,12
Serbia,SRB,2009,12
Serbia,SRB,2010,11
Serbia,SRB,2011,11
Serbia,SRB,2012,11
Serbia,SRB,2013,10
Serbia,SRB,2014,11
Serbia,SRB,2015,11
Serbia,SRB,2016,10
Serbia,SRB,2017,10
Seychelles,SYC,2000,1
Seychelles,SYC,2001,1
Seychelles,SYC,2002,1
Seychelles,SYC,2003,1
Seychelles,SYC,2004,1
Seychelles,SYC,2005,1
Seychelles,SYC,2006,1
Seychelles,SYC,2007,1
Seychelles,SYC,2008,1
Seychelles,SYC,2009,1
Seychelles,SYC,2010,1
Seychelles,SYC,2011,1
Seychelles,SYC,2012,1
Seychelles,SYC,2013,1
Seychelles,SYC,2014,1
Seychelles,SYC,2015,1
Seychelles,SYC,2016,1
Seychelles,SYC,2017,1
Sierra Leone,SLE,2000,5200
Sierra Leone,SLE,2001,4800
Sierra Leone,SLE,2002,4500
Sierra Leone,SLE,2003,4400
Sierra Leone,SLE,2004,4200
Sierra Leone,SLE,2005,4100
Sierra Leone,SLE,2006,4000
Sierra Leone,SLE,2007,3900
Sierra Leone,SLE,2008,3800
Sierra Leone,SLE,2009,3600
Sierra Leone,SLE,2010,3400
Sierra Leone,SLE,2011,3200
Sierra Leone,SLE,2012,3000
Sierra Leone,SLE,2013,2900
Sierra Leone,SLE,2014,3000
Sierra Leone,SLE,2015,3000
Sierra Leone,SLE,2016,2800
Sierra Leone,SLE,2017,2900
Singapore,SGP,2000,7
Singapore,SGP,2001,7
Singapore,SGP,2002,7
Singapore,SGP,2003,6
Singapore,SGP,2004,6
Singapore,SGP,2005,6
Singapore,SGP,2006,6
Singapore,SGP,2007,6
Singapore,SGP,2008,5
Singapore,SGP,2009,5
Singapore,SGP,2010,5
Singapore,SGP,2011,5
Singapore,SGP,2012,5
Singapore,SGP,2013,4
Singapore,SGP,2014,4
Singapore,SGP,2015,4
Singapore,SGP,2016,4
Singapore,SGP,2017,4
Slovakia,SVK,2000,4
Slovakia,SVK,2001,4
Slovakia,SVK,2002,4
Slovakia,SVK,2003,4
Slovakia,SVK,2004,4
Slovakia,SVK,2005,4
Slovakia,SVK,2006,3
Slovakia,SVK,2007,4
Slovakia,SVK,2008,3
Slovakia,SVK,2009,3
Slovakia,SVK,2010,3
Slovakia,SVK,2011,3
Slovakia,SVK,2012,3
Slovakia,SVK,2013,3
Slovakia,SVK,2014,3
Slovakia,SVK,2015,3
Slovakia,SVK,2016,3
Slovakia,SVK,2017,3
Slovenia,SVN,2000,2
Slovenia,SVN,2001,2
Slovenia,SVN,2002,2
Slovenia,SVN,2003,2
Slovenia,SVN,2004,2
Slovenia,SVN,2005,2
Slovenia,SVN,2006,1
Slovenia,SVN,2007,2
Slovenia,SVN,2008,2
Slovenia,SVN,2009,2
Slovenia,SVN,2010,2
Slovenia,SVN,2011,2
Slovenia,SVN,2012,2
Slovenia,SVN,2013,2
Slovenia,SVN,2014,1
Slovenia,SVN,2015,1
Slovenia,SVN,2016,1
Slovenia,SVN,2017,1
Solomon Islands,SLB,2000,36
Solomon Islands,SLB,2001,35
Solomon Islands,SLB,2002,34
Solomon Islands,SLB,2003,33
Solomon Islands,SLB,2004,31
Solomon Islands,SLB,2005,30
Solomon Islands,SLB,2006,29
Solomon Islands,SLB,2007,29
Solomon Islands,SLB,2008,27
Solomon Islands,SLB,2009,27
Solomon Islands,SLB,2010,26
Solomon Islands,SLB,2011,25
Solomon Islands,SLB,2012,24
Solomon Islands,SLB,2013,24
Solomon Islands,SLB,2014,24
Solomon Islands,SLB,2015,23
Solomon Islands,SLB,2016,22
Solomon Islands,SLB,2017,22
Somalia,SOM,2000,5200
Somalia,SOM,2001,5200
Somalia,SOM,2002,5200
Somalia,SOM,2003,5100
Somalia,SOM,2004,5100
Somalia,SOM,2005,5100
Somalia,SOM,2006,5200
Somalia,SOM,2007,5200
Somalia,SOM,2008,5200
Somalia,SOM,2009,5200
Somalia,SOM,2010,5200
Somalia,SOM,2011,5200
Somalia,SOM,2012,5200
Somalia,SOM,2013,5000
Somalia,SOM,2014,5000
Somalia,SOM,2015,5000
Somalia,SOM,2016,5200
Somalia,SOM,2017,5100
South Africa,ZAF,2000,1600
South Africa,ZAF,2001,1700
South Africa,ZAF,2002,1900
South Africa,ZAF,2003,2000
South Africa,ZAF,2004,2100
South Africa,ZAF,2005,2200
South Africa,ZAF,2006,2300
South Africa,ZAF,2007,2300
South Africa,ZAF,2008,2200
South Africa,ZAF,2009,2100
South Africa,ZAF,2010,2000
South Africa,ZAF,2011,1900
South Africa,ZAF,2012,1700
South Africa,ZAF,2013,1600
South Africa,ZAF,2014,1500
South Africa,ZAF,2015,1500
South Africa,ZAF,2016,1500
South Africa,ZAF,2017,1400
South Asia,,2000,152000
South Asia,,2001,146000
South Asia,,2002,139000
South Asia,,2003,132000
South Asia,,2004,125000
South Asia,,2005,118000
South Asia,,2006,112000
South Asia,,2007,105000
South Asia,,2008,99000
South Asia,,2009,92000
South Asia,,2010,86000
South Asia,,2011,80000
South Asia,,2012,75000
South Asia,,2013,71000
South Asia,,2014,67000
South Asia,,2015,63000
South Asia,,2016,60000
South Asia,,2017,57000
South Korea,KOR,2000,94
South Korea,KOR,2001,84
South Korea,KOR,2002,79
South Korea,KOR,2003,78
South Korea,KOR,2004,72
South Korea,KOR,2005,73
South Korea,KOR,2006,65
South Korea,KOR,2007,71
South Korea,KOR,2008,70
South Korea,KOR,2009,72
South Korea,KOR,2010,69
South Korea,KOR,2011,65
South Korea,KOR,2012,59
South Korea,KOR,2013,56
South Korea,KOR,2014,52
South Korea,KOR,2015,49
South Korea,KOR,2016,45
South Korea,KOR,2017,43
South Sudan,SSD,2000,4600
South Sudan,SSD,2001,4600
South Sudan,SSD,2002,4700
South Sudan,SSD,2003,4700
South Sudan,SSD,2004,4700
South Sudan,SSD,2005,4600
South Sudan,SSD,2006,4500
South Sudan,SSD,2007,4400
South Sudan,SSD,2008,4300
South Sudan,SSD,2009,4100
South Sudan,SSD,2010,3900
South Sudan,SSD,2011,3900
South Sudan,SSD,2012,3900
South Sudan,SSD,2013,4100
South Sudan,SSD,2014,4300
South Sudan,SSD,2015,4200
South Sudan,SSD,2016,4300
South Sudan,SSD,2017,4500
Spain,ESP,2000,19
Spain,ESP,2001,19
Spain,ESP,2002,20
Spain,ESP,2003,21
Spain,ESP,2004,21
Spain,ESP,2005,22
Spain,ESP,2006,22
Spain,ESP,2007,22
Spain,ESP,2008,22
Spain,ESP,2009,21
Spain,ESP,2010,20
Spain,ESP,2011,19
Spain,ESP,2012,18
Spain,ESP,2013,17
Spain,ESP,2014,16
Spain,ESP,2015,15
Spain,ESP,2016,15
Spain,ESP,2017,14
Sri Lanka,LKA,2000,200
Sri Lanka,LKA,2001,180
Sri Lanka,LKA,2002,180
Sri Lanka,LKA,2003,180
Sri Lanka,LKA,2004,170
Sri Lanka,LKA,2005,160
Sri Lanka,LKA,2006,170
Sri Lanka,LKA,2007,160
Sri Lanka,LKA,2008,150
Sri Lanka,LKA,2009,150
Sri Lanka,LKA,2010,140
Sri Lanka,LKA,2011,130
Sri Lanka,LKA,2012,130
Sri Lanka,LKA,2013,130
Sri Lanka,LKA,2014,130
Sri Lanka,LKA,2015,120
Sri Lanka,LKA,2016,120
Sri Lanka,LKA,2017,120
Sub-Saharan Africa,,2000,241000
Sub-Saharan Africa,,2001,241000
Sub-Saharan Africa,,2002,241000
Sub-Saharan Africa,,2003,240000
Sub-Saharan Africa,,2004,236000
Sub-Saharan Africa,,2005,230000
Sub-Saharan Africa,,2006,224000
Sub-Saharan Africa,,2007,219000
Sub-Saharan Africa,,2008,217000
Sub-Saharan Africa,,2009,215000
Sub-Saharan Africa,,2010,212000
Sub-Saharan Africa,,2011,210000
Sub-Saharan Africa,,2012,208000
Sub-Saharan Africa,,2013,207000
Sub-Saharan Africa,,2014,206000
Sub-Saharan Africa,,2015,203000
Sub-Saharan Africa,,2016,202000
Sub-Saharan Africa,,2017,200000
Sudan,SDN,2000,7200
Sudan,SDN,2001,7100
Sudan,SDN,2002,6900
Sudan,SDN,2003,6800
Sudan,SDN,2004,6700
Sudan,SDN,2005,6200
Sudan,SDN,2006,6000
Sudan,SDN,2007,5700
Sudan,SDN,2008,5500
Sudan,SDN,2009,5300
Sudan,SDN,2010,5000
Sudan,SDN,2011,4800
Sudan,SDN,2012,4600
Sudan,SDN,2013,4400
Sudan,SDN,2014,4300
Sudan,SDN,2015,4100
Sudan,SDN,2016,4100
Sudan,SDN,2017,3900
Suriname,SUR,2000,25
Suriname,SUR,2001,24
Suriname,SUR,2002,23
Suriname,SUR,2003,21
Suriname,SUR,2004,19
Suriname,SUR,2005,18
Suriname,SUR,2006,18
Suriname,SUR,2007,18
Suriname,SUR,2008,18
Suriname,SUR,2009,17
Suriname,SUR,2010,16
Suriname,SUR,2011,15
Suriname,SUR,2012,15
Suriname,SUR,2013,14
Suriname,SUR,2014,13
Suriname,SUR,2015,13
Suriname,SUR,2016,13
Suriname,SUR,2017,13
Sweden,SWE,2000,5
Sweden,SWE,2001,5
Sweden,SWE,2002,5
Sweden,SWE,2003,5
Sweden,SWE,2004,5
Sweden,SWE,2005,5
Sweden,SWE,2006,5
Sweden,SWE,2007,5
Sweden,SWE,2008,5
Sweden,SWE,2009,5
Sweden,SWE,2010,5
Sweden,SWE,2011,5
Sweden,SWE,2012,5
Sweden,SWE,2013,5
Sweden,SWE,2014,5
Sweden,SWE,2015,5
Sweden,SWE,2016,5
Sweden,SWE,2017,5
Switzerland,CHE,2000,5
Switzerland,CHE,2001,5
Switzerland,CHE,2002,5
Switzerland,CHE,2003,5
Switzerland,CHE,2004,5
Switzerland,CHE,2005,5
Switzerland,CHE,2006,5
Switzerland,CHE,2007,5
Switzerland,CHE,2008,5
Switzerland,CHE,2009,5
Switzerland,CHE,2010,5
Switzerland,CHE,2011,5
Switzerland,CHE,2012,5
Switzerland,CHE,2013,5
Switzerland,CHE,2014,5
Switzerland,CHE,2015,5
Switzerland,CHE,2016,5
Switzerland,CHE,2017,4
Syria,SYR,2000,130
Syria,SYR,2001,130
Syria,SYR,2002,140
Syria,SYR,2003,140
Syria,SYR,2004,140
Syria,SYR,2005,150
Syria,SYR,2006,150
Syria,SYR,2007,150
Syria,SYR,2008,150
Syria,SYR,2009,150
Syria,SYR,2010,150
Syria,SYR,2011,150
Syria,SYR,2012,150
Syria,SYR,2013,150
Syria,SYR,2014,140
Syria,SYR,2015,140
Syria,SYR,2016,140
Syria,SYR,2017,130
Tajikistan,TJK,2000,100
Tajikistan,TJK,2001,100
Tajikistan,TJK,2002,83
Tajikistan,TJK,2003,68
Tajikistan,TJK,2004,64
Tajikistan,TJK,2005,64
Tajikistan,TJK,2006,61
Tajikistan,TJK,2007,59
Tajikistan,TJK,2008,57
Tajikistan,TJK,2009,60
Tajikistan,TJK,2010,55
Tajikistan,TJK,2011,54
Tajikistan,TJK,2012,52
Tajikistan,TJK,2013,51
Tajikistan,TJK,2014,50
Tajikistan,TJK,2015,49
Tajikistan,TJK,2016,47
Tajikistan,TJK,2017,46
Tanzania,TZA,2000,12000
Tanzania,TZA,2001,12000
Tanzania,TZA,2002,12000
Tanzania,TZA,2003,12000
Tanzania,TZA,2004,12000
Tanzania,TZA,2005,12000
Tanzania,TZA,2006,12000
Tanzania,TZA,2007,12000
Tanzania,TZA,2008,11000
Tanzania,TZA,2009,12000
Tanzania,TZA,2010,12000
Tanzania,TZA,2011,11000
Tanzania,TZA,2012,11000
Tanzania,TZA,2013,11000
Tanzania,TZA,2014,11000
Tanzania,TZA,2015,11000
Tanzania,TZA,2016,11000
Tanzania,TZA,2017,11000
Thailand,THA,2000,390
Thailand,THA,2001,390
Thailand,THA,2002,380
Thailand,THA,2003,380
Thailand,THA,2004,390
Thailand,THA,2005,360
Thailand,THA,2006,350
Thailand,THA,2007,350
Thailand,THA,2008,350
Thailand,THA,2009,340
Thailand,THA,2010,330
Thailand,THA,2011,320
Thailand,THA,2012,300
Thailand,THA,2013,300
Thailand,THA,2014,290
Thailand,THA,2015,280
Thailand,THA,2016,270
Thailand,THA,2017,270
Timor,TLS,2000,270
Timor,TLS,2001,260
Timor,TLS,2002,240
Timor,TLS,2003,220
Timor,TLS,2004,180
Timor,TLS,2005,150
Timor,TLS,2006,120
Timor,TLS,2007,100
Timor,TLS,2008,92
Timor,TLS,2009,82
Timor,TLS,2010,74
Timor,TLS,2011,66
Timor,TLS,2012,62
Timor,TLS,2013,60
Timor,TLS,2014,58
Timor,TLS,2015,57
Timor,TLS,2016,55
Timor,TLS,2017,52
Togo,TGO,2000,960
Togo,TGO,2001,980
Togo,TGO,2002,1000
Togo,TGO,2003,1000
Togo,TGO,2004,1100
Togo,TGO,2005,1100
Togo,TGO,2006,1100
Togo,TGO,2007,1100
Togo,TGO,2008,1100
Togo,TGO,2009,1100
Togo,TGO,2010,1100
Togo,TGO,2011,1000
Togo,TGO,2012,1000
Togo,TGO,2013,1000
Togo,TGO,2014,1000
Togo,TGO,2015,1000
Togo,TGO,2016,1000
Togo,TGO,2017,1000
Tonga,TON,2000,2
Tonga,TON,2001,2
Tonga,TON,2002,2
Tonga,TON,2003,2
Tonga,TON,2004,2
Tonga,TON,2005,2
Tonga,TON,2006,2
Tonga,TON,2007,2
Tonga,TON,2008,2
Tonga,TON,2009,2
Tonga,TON,2010,2
Tonga,TON,2011,2
Tonga,TON,2012,2
Tonga,TON,2013,1
Tonga,TON,2014,1
Tonga,TON,2015,1
Tonga,TON,2016,1
Tonga,TON,2017,1
Trinidad and Tobago,TTO,2000,15
Trinidad and Tobago,TTO,2001,15
Trinidad and Tobago,TTO,2002,14
Trinidad and Tobago,TTO,2003,14
Trinidad and Tobago,TTO,2004,15
Trinidad and Tobago,TTO,2005,15
Trinidad and Tobago,TTO,2006,14
Trinidad and Tobago,TTO,2007,13
Trinidad and Tobago,TTO,2008,15
Trinidad and Tobago,TTO,2009,15
Trinidad and Tobago,TTO,2010,14
Trinidad and Tobago,TTO,2011,14
Trinidad and Tobago,TTO,2012,14
Trinidad and Tobago,TTO,2013,14
Trinidad and Tobago,TTO,2014,13
Trinidad and Tobago,TTO,2015,13
Trinidad and Tobago,TTO,2016,13
Trinidad and Tobago,TTO,2017,12
Tunisia,TUN,2000,110
Tunisia,TUN,2001,100
Tunisia,TUN,2002,99
Tunisia,TUN,2003,94
Tunisia,TUN,2004,90
Tunisia,TUN,2005,86
Tunisia,TUN,2006,83
Tunisia,TUN,2007,83
Tunisia,TUN,2008,84
Tunisia,TUN,2009,87
Tunisia,TUN,2010,89
Tunisia,TUN,2011,92
Tunisia,TUN,2012,94
Tunisia,TUN,2013,96
Tunisia,TUN,2014,96
Tunisia,TUN,2015,96
Tunisia,TUN,2016,93
Tunisia,TUN,2017,90
Turkey,TUR,2000,580
Turkey,TUR,2001,560
Turkey,TUR,2002,530
Turkey,TUR,2003,500
Turkey,TUR,2004,470
Turkey,TUR,2005,430
Turkey,TUR,2006,400
Turkey,TUR,2007,370
Turkey,TUR,2008,350
Turkey,TUR,2009,330
Turkey,TUR,2010,310
Turkey,TUR,2011,300
Turkey,TUR,2012,280
Turkey,TUR,2013,270
Turkey,TUR,2014,250
Turkey,TUR,2015,250
Turkey,TUR,2016,230
Turkey,TUR,2017,220
Turkmenistan,TKM,2000,31
Turkmenistan,TKM,2001,29
Turkmenistan,TKM,2002,26
Turkmenistan,TKM,2003,23
Turkmenistan,TKM,2004,22
Turkmenistan,TKM,2005,20
Turkmenistan,TKM,2006,20
Turkmenistan,TKM,2007,18
Turkmenistan,TKM,2008,16
Turkmenistan,TKM,2009,14
Turkmenistan,TKM,2010,13
Turkmenistan,TKM,2011,13
Turkmenistan,TKM,2012,13
Turkmenistan,TKM,2013,13
Turkmenistan,TKM,2014,12
Turkmenistan,TKM,2015,12
Turkmenistan,TKM,2016,11
Turkmenistan,TKM,2017,10
Uganda,UGA,2000,6700
Uganda,UGA,2001,6500
Uganda,UGA,2002,6500
Uganda,UGA,2003,6500
Uganda,UGA,2004,6500
Uganda,UGA,2005,6400
Uganda,UGA,2006,6300
Uganda,UGA,2007,6400
Uganda,UGA,2008,6400
Uganda,UGA,2009,6300
Uganda,UGA,2010,6300
Uganda,UGA,2011,6200
Uganda,UGA,2012,6200
Uganda,UGA,2013,6100
Uganda,UGA,2014,6100
Uganda,UGA,2015,6100
Uganda,UGA,2016,6000
Uganda,UGA,2017,6000
Ukraine,UKR,2000,140
Ukraine,UKR,2001,130
Ukraine,UKR,2002,130
Ukraine,UKR,2003,130
Ukraine,UKR,2004,140
Ukraine,UKR,2005,140
Ukraine,UKR,2006,140
Ukraine,UKR,2007,150
Ukraine,UKR,2008,160
Ukraine,UKR,2009,140
Ukraine,UKR,2010,120
Ukraine,UKR,2011,120
Ukraine,UKR,2012,120
Ukraine,UKR,2013,110
Ukraine,UKR,2014,110
Ukraine,UKR,2015,97
Ukraine,UKR,2016,89
Ukraine,UKR,2017,83
United Arab Emirates,ARE,2000,3
United Arab Emirates,ARE,2001,3
United Arab Emirates,ARE,2002,3
United Arab Emirates,ARE,2003,3
United Arab Emirates,ARE,2004,3
United Arab Emirates,ARE,2005,3
United Arab Emirates,ARE,2006,3
United Arab Emirates,ARE,2007,3
United Arab Emirates,ARE,2008,3
United Arab Emirates,ARE,2009,3
United Arab Emirates,ARE,2010,4
United Arab Emirates,ARE,2011,4
United Arab Emirates,ARE,2012,4
United Arab Emirates,ARE,2013,3
United Arab Emirates,ARE,2014,3
United Arab Emirates,ARE,2015,3
United Arab Emirates,ARE,2016,3
United Arab Emirates,ARE,2017,3
United Kingdom,GBR,2000,73
United Kingdom,GBR,2001,73
United Kingdom,GBR,2002,75
United Kingdom,GBR,2003,77
United Kingdom,GBR,2004,79
United Kingdom,GBR,2005,80
United Kingdom,GBR,2006,81
United Kingdom,GBR,2007,82
United Kingdom,GBR,2008,84
United Kingdom,GBR,2009,81
United Kingdom,GBR,2010,78
United Kingdom,GBR,2011,74
United Kingdom,GBR,2012,67
United Kingdom,GBR,2013,64
United Kingdom,GBR,2014,63
United Kingdom,GBR,2015,60
United Kingdom,GBR,2016,57
United Kingdom,GBR,2017,52
United States,USA,2000,470
United States,USA,2001,510
United States,USA,2002,520
United States,USA,2003,540
United States,USA,2004,540
United States,USA,2005,560
United States,USA,2006,570
United States,USA,2007,570
United States,USA,2008,580
United States,USA,2009,600
United States,USA,2010,600
United States,USA,2011,610
United States,USA,2012,620
United States,USA,2013,630
United States,USA,2014,640
United States,USA,2015,680
United States,USA,2016,730
United States,USA,2017,720
Upper middle income,,2000,24000
Upper middle income,,2001,22000
Upper middle income,,2002,22000
Upper middle income,,2003,22000
Upper middle income,,2004,21000
Upper middle income,,2005,21000
Upper middle income,,2006,20000
Upper middle income,,2007,20000
Upper middle income,,2008,19000
Upper middle income,,2009,18000
Upper middle income,,2010,17000
Upper middle income,,2011,17000
Upper middle income,,2012,16000
Upper middle income,,2013,16000
Upper middle income,,2014,15000
Upper middle income,,2015,15000
Upper middle income,,2016,15000
Upper middle income,,2017,14000
Uruguay,URY,2000,14
Uruguay,URY,2001,13
Uruguay,URY,2002,13
Uruguay,URY,2003,12
Uruguay,URY,2004,12
Uruguay,URY,2005,11
Uruguay,URY,2006,10
Uruguay,URY,2007,10
Uruguay,URY,2008,9
Uruguay,URY,2009,9
Uruguay,URY,2010,8
Uruguay,URY,2011,8
Uruguay,URY,2012,8
Uruguay,URY,2013,9
Uruguay,URY,2014,8
Uruguay,URY,2015,9
Uruguay,URY,2016,9
Uruguay,URY,2017,8
Uzbekistan,UZB,2000,230
Uzbekistan,UZB,2001,230
Uzbekistan,UZB,2002,230
Uzbekistan,UZB,2003,220
Uzbekistan,UZB,2004,210
Uzbekistan,UZB,2005,220
Uzbekistan,UZB,2006,210
Uzbekistan,UZB,2007,210
Uzbekistan,UZB,2008,210
Uzbekistan,UZB,2009,210
Uzbekistan,UZB,2010,200
Uzbekistan,UZB,2011,210
Uzbekistan,UZB,2012,220
Uzbekistan,UZB,2013,220
Uzbekistan,UZB,2014,210
Uzbekistan,UZB,2015,210
Uzbekistan,UZB,2016,200
Uzbekistan,UZB,2017,200
Vanuatu,VUT,2000,9
Vanuatu,VUT,2001,9
Vanuatu,VUT,2002,8
Vanuatu,VUT,2003,8
Vanuatu,VUT,2004,8
Vanuatu,VUT,2005,8
Vanuatu,VUT,2006,8
Vanuatu,VUT,2007,7
Vanuatu,VUT,2008,7
Vanuatu,VUT,2009,7
Vanuatu,VUT,2010,7
Vanuatu,VUT,2011,7
Vanuatu,VUT,2012,7
Vanuatu,VUT,2013,7
Vanuatu,VUT,2014,7
Vanuatu,VUT,2015,6
Vanuatu,VUT,2016,6
Vanuatu,VUT,2017,6
Venezuela,VEN,2000,690
Venezuela,VEN,2001,710
Venezuela,VEN,2002,780
Venezuela,VEN,2003,740
Venezuela,VEN,2004,700
Venezuela,VEN,2005,660
Venezuela,VEN,2006,670
Venezuela,VEN,2007,670
Venezuela,VEN,2008,690
Venezuela,VEN,2009,710
Venezuela,VEN,2010,690
Venezuela,VEN,2011,680
Venezuela,VEN,2012,680
Venezuela,VEN,2013,670
Venezuela,VEN,2014,650
Venezuela,VEN,2015,640
Venezuela,VEN,2016,660
Venezuela,VEN,2017,670
Vietnam,VNM,2000,940
Vietnam,VNM,2001,890
Vietnam,VNM,2002,850
Vietnam,VNM,2003,820
Vietnam,VNM,2004,790
Vietnam,VNM,2005,760
Vietnam,VNM,2006,730
Vietnam,VNM,2007,720
Vietnam,VNM,2008,720
Vietnam,VNM,2009,720
Vietnam,VNM,2010,720
Vietnam,VNM,2011,720
Vietnam,VNM,2012,720
Vietnam,VNM,2013,730
Vietnam,VNM,2014,720
Vietnam,VNM,2015,720
Vietnam,VNM,2016,710
Vietnam,VNM,2017,700
World,OWID_WRL,2000,451000
World,OWID_WRL,2001,443000
World,OWID_WRL,2002,435000
World,OWID_WRL,2003,426000
World,OWID_WRL,2004,414000
World,OWID_WRL,2005,399000
World,OWID_WRL,2006,386000
World,OWID_WRL,2007,373000
World,OWID_WRL,2008,363000
World,OWID_WRL,2009,354000
World,OWID_WRL,2010,343000
World,OWID_WRL,2011,334000
World,OWID_WRL,2012,326000
World,OWID_WRL,2013,319000
World,OWID_WRL,2014,313000
World,OWID_WRL,2015,306000
World,OWID_WRL,2016,300000
World,OWID_WRL,2017,295000
Yemen,YEM,2000,2100
Yemen,YEM,2001,2000
Yemen,YEM,2002,2000
Yemen,YEM,2003,1900
Yemen,YEM,2004,1800
Yemen,YEM,2005,1800
Yemen,YEM,2006,1700
Yemen,YEM,2007,1700
Yemen,YEM,2008,1600
Yemen,YEM,2009,1600
Yemen,YEM,2010,1500
Yemen,YEM,2011,1500
Yemen,YEM,2012,1500
Yemen,YEM,2013,1500
Yemen,YEM,2014,1500
Yemen,YEM,2015,1400
Yemen,YEM,2016,1400
Yemen,YEM,2017,1400
Zambia,ZMB,2000,2500
Zambia,ZMB,2001,2400
Zambia,ZMB,2002,2300
Zambia,ZMB,2003,2300
Zambia,ZMB,2004,2200
Zambia,ZMB,2005,2200
Zambia,ZMB,2006,2100
Zambia,ZMB,2007,2100
Zambia,ZMB,2008,1900
Zambia,ZMB,2009,1800
Zambia,ZMB,2010,1700
Zambia,ZMB,2011,1600
Zambia,ZMB,2012,1600
Zambia,ZMB,2013,1500
Zambia,ZMB,2014,1400
Zambia,ZMB,2015,1400
Zambia,ZMB,2016,1400
Zambia,ZMB,2017,1300
Zimbabwe,ZWE,2000,2200
Zimbabwe,ZWE,2001,2400
Zimbabwe,ZWE,2002,2600
Zimbabwe,ZWE,2003,2700
Zimbabwe,ZWE,2004,2800
Zimbabwe,ZWE,2005,2800
Zimbabwe,ZWE,2006,2900
Zimbabwe,ZWE,2007,2900
Zimbabwe,ZWE,2008,2900
Zimbabwe,ZWE,2009,2900
Zimbabwe,ZWE,2010,2800
Zimbabwe,ZWE,2011,2600
Zimbabwe,ZWE,2012,2500
Zimbabwe,ZWE,2013,2400
Zimbabwe,ZWE,2014,2300
Zimbabwe,ZWE,2015,2200
Zimbabwe,ZWE,2016,2100
Zimbabwe,ZWE,2017,2100
